,Enregy,Sample,Fit,component: 20210614_SnO2_H2_TPR_Sn_EXAFS_92.tra_0001,component: 20210614_SnO2_H2_TPR_Sn_EXAFS_92.tra_0031,component: 20210614_SnO2_H2_TPR_Sn_EXAFS_92.tra_0050
0,29149.8573346925,0.005296892915799083,0.006321913499600013,0.0063019025144868115,4.595459982915317e-15,2.0010985108605895e-05
1,29150.1183173677,0.0036743630587343914,0.00604851925119171,0.0060279498693389935,4.5259167528880385e-15,2.0569381848191e-05
2,29150.4315027851,0.0047665661887106294,0.003631104385374889,0.00360920276279078,5.683398092555723e-15,2.1901622578425787e-05
3,29150.744694974,0.0036864787251832697,0.0066531055176763144,0.006624277942411225,4.800818744658388e-15,2.8827575260288407e-05
4,29151.0056936376,0.003975816506505415,0.005590610578962586,0.005559350021420241,3.7929020584958515e-15,3.126055753855294e-05
5,29151.2666970039,0.005524798095745059,0.002919189829675177,0.002894832840657978,6.5883462076917825e-15,2.4356989010610332e-05
6,29151.5799072512,0.005358653816349109,0.004268707874423902,0.004243364279228644,5.487045540678018e-15,2.5343595189771212e-05
7,29151.8409209639,0.005843738554223703,0.004155960593345966,0.0041333584481313,5.607235089959608e-15,2.260214520905892e-05
8,29152.1019393797,0.006139735257062272,0.003642845919609504,0.003621723496274138,4.54214145177502e-15,2.112242333082409e-05
9,29152.415167687,0.005593751592209539,0.0066335992375921235,0.006616935086691862,5.9499618124697655e-15,1.6664150894311435e-05
10,29152.6761964502,0.005735777833223238,0.0059987892473841445,0.005977119297649445,5.3744811003996775e-15,2.1669949729325168e-05
11,29152.9372299169,0.004753972123459591,0.0047625120387970125,0.004739965983258841,6.6644359650787944e-15,2.2546055531506708e-05
12,29153.2504762858,0.008309233641958647,0.007528222287459673,0.00750617321888487,5.873703347775466e-15,2.204906856892851e-05
13,29153.5115201007,0.0064949229364489585,0.00773086540391088,0.007705122085232961,5.110502327719904e-15,2.574331867280862e-05
14,29153.7725686195,0.008714723853468102,0.006590031953494036,0.00656125722161373,6.305467678944778e-15,2.877473187400065e-05
15,29154.0858330515,0.008145631474211025,0.007776293110026153,0.007755159264138161,6.3493401943080766e-15,2.113384588164258e-05
16,29154.3468919194,0.007343151269340513,0.01012169591064693,0.010096612967911804,6.3444282083118534e-15,2.5082942728782044e-05
17,29154.6079554917,0.007950402122222897,0.009736678359119176,0.009710321803616749,4.465385133210957e-15,2.6356555497961425e-05
18,29154.9212379884,0.007124508407284201,0.009589465675077149,0.009564457780066283,6.236248581221754e-15,2.500789500463029e-05
19,29155.1823119106,0.005634558412776283,0.006947919458362112,0.006924782194323885,5.787963487333997e-15,2.3137264032438263e-05
20,29155.4433905377,0.008193877256994594,0.008479661055072698,0.008450051957895844,7.333898864521742e-15,2.960909716951821e-05
21,29155.7566911006,0.007937582897042527,0.011366493564293955,0.011336032511174422,6.569113636372871e-15,3.046105311296446e-05
22,29156.0699984387,0.007463608153805976,0.008624727053147695,0.008593658277295416,6.322614382457861e-15,3.106877584595645e-05
23,29156.3310930628,0.007760452248059969,0.00918316812509192,0.00915234798077268,6.613872354533532e-15,3.082014431262521e-05
24,29156.6444128228,0.009911167379560309,0.009689737611216127,0.00965790468055616,8.097178169598951e-15,3.1832930651869665e-05
25,29156.9055177987,0.009031777673182258,0.007608440725066543,0.007573006737674587,7.809021103833255e-15,3.5433987384147207e-05
26,29157.1666274803,0.010340150250694843,0.010869052479679618,0.010837045255110558,7.571378147288864e-15,3.2007224561487624e-05
27,29157.4799653097,0.011037180555865524,0.00975895026215053,0.009725408049656041,1.0718118089790697e-14,3.354221248376889e-05
28,29157.741085344,0.011018373226478079,0.008206590382070311,0.008166844567676655,8.523383220745446e-15,3.974581438513306e-05
29,29158.0022100843,0.010905154361063048,0.007334098067093268,0.007293459417253986,8.232347606399335e-15,4.063864983104987e-05
30,29158.2633395307,0.011560426453251999,0.010046448644919822,0.010007707030884386,1.0303598483299422e-14,3.874161402513139e-05
31,29158.5767010786,0.009766897446272607,0.009827965520256911,0.009790446337733384,9.383168540193422e-15,3.7519182514144454e-05
32,29158.8378408789,0.012115111266179477,0.010514440250505812,0.01047700468330155,8.316876518449085e-15,3.7435567195945325e-05
33,29159.0989853857,0.011123662856836546,0.008538910684517521,0.008499205308410697,8.760317086702957e-15,3.970537609806395e-05
34,29159.4123650067,0.011870217689405684,0.010821459453206183,0.010778852864596105,1.0207029788939012e-14,4.2606588599870326e-05
35,29159.6735198683,0.012036429710477144,0.01027251065040815,0.01022297318378527,9.701892136987046e-15,4.953746661317784e-05
36,29159.9869119155,0.012416014436545948,0.011196628301769382,0.011146106631428813,1.0632333824549109e-14,5.052167032993758e-05
37,29160.2480771325,0.012335220158213691,0.010552968965029481,0.010504261440967192,1.2019677939301726e-14,4.8707524050267976e-05
38,29160.5614816065,0.012460555145486876,0.011008110406807376,0.010961266134453536,9.36731916120349e-15,4.684427234447242e-05
39,29160.8226571796,0.011714575155546702,0.011167849579638726,0.01111989241060884,1.0426843292434841e-14,4.795716901945998e-05
40,29161.0838374601,0.010544191880189714,0.012717351638923792,0.012664382319216337,1.217144686811616e-14,5.296931969528419e-05
41,29161.3972600109,0.012055768582371397,0.013723126193378878,0.01366904814788216,1.2549282287184613e-14,5.407804548416885e-05
42,29161.6584506484,0.01391912112852825,0.01415657531087106,0.014105049024021335,1.1602362074028247e-14,5.152628683812268e-05
43,29161.9196459938,0.014333591704842242,0.012848817996907094,0.01279670103691974,1.250863690720602e-14,5.211695997484455e-05
44,29162.2330866228,0.015232952254849264,0.014658682473491185,0.014602933302792248,1.2324001487400024e-14,5.574917068661371e-05
45,29162.5465340317,0.01376093511583044,0.015696358512742505,0.01564629108502764,1.1307175118511623e-14,5.0067427703559174e-05
46,29162.8077453849,0.015214534657029653,0.014535659804070308,0.01448050363720267,1.202647994590948e-14,5.515616685561182e-05
47,29163.0689614465,0.015888640012357933,0.015289013045739892,0.015224141663666216,1.1916618228166401e-14,6.48713820617605e-05
48,29163.3824269358,0.01480391216854004,0.015942161111811175,0.015874943777214146,1.2219704715817354e-14,6.721733458480752e-05
49,29163.6436533565,0.01413539938238315,0.015491996483465916,0.015429025708707798,1.2771458915461714e-14,6.297077474534695e-05
50,29163.9571312771,0.01659299854193971,0.014228527835392251,0.01416546793092623,1.216868865075644e-14,6.305990445385248e-05
51,29164.2183680574,0.015513414665439684,0.014311033983615717,0.014252199469533964,1.270215501747822e-14,5.8834514069051283e-05
52,29164.4796095469,0.017631063627019578,0.017028967718575348,0.016970989056873612,1.427843886462044e-14,5.797866168745682e-05
53,29164.7931055506,0.01749718484648875,0.018237708208963966,0.018176733782169986,1.4107344904884645e-14,6.097442677987409e-05
54,29165.0543574006,0.019268643194832798,0.018266169103060875,0.018204480175774244,1.5187700802172545e-14,6.168892727144048e-05
55,29165.3156139602,0.01915086705037958,0.018092725652675053,0.01802919173880732,1.3334159387556857e-14,6.353391385439978e-05
56,29165.6291280485,0.019529045185013583,0.018584274297143745,0.018513901345740342,1.4820929527046068e-14,7.037295138858175e-05
57,29165.8903949696,0.017603927352667498,0.019910124308115153,0.01983962653241383,1.5681140922793472e-14,7.049777568563947e-05
58,29166.1516666006,0.01964656237260237,0.018902911612899243,0.01882965610210106,1.62406583323665e-14,7.325551078194143e-05
59,29166.4651987752,0.019174708064256602,0.019348343468265715,0.019274251237960675,1.7438302548619068e-14,7.40922302876023e-05
60,29166.7264807685,0.01901121211819125,0.020931191915306208,0.020856479206614643,1.812473012028284e-14,7.471270867344218e-05
61,29166.9877674723,0.0192625227348829,0.019016538428686794,0.018937013522270677,1.631933837760172e-14,7.952490639979655e-05
62,29167.2490588865,0.02000058920621535,0.020322043502223976,0.020245783551193094,1.6408736263561133e-14,7.625995101447583e-05
63,29167.5626148015,0.02134259867623396,0.019833283615395974,0.019755818393599307,1.5982378276055976e-14,7.746522178068432e-05
64,29167.8239165793,0.02164477443088139,0.019606507392721188,0.019527280726693956,1.6383636988887244e-14,7.922666601085052e-05
65,29168.0852230679,0.02038111427884358,0.0218745439522181,0.02179524152845604,1.8380522174116297e-14,7.93024237436798e-05
66,29168.3987970728,0.021093557987074036,0.019711424787183376,0.0196296276572755,1.974039404372108e-14,8.179712988813309e-05
67,29168.6601139259,0.02179673423220011,0.019579634727873708,0.01949103059822917,1.8960848234756998e-14,8.860412962557683e-05
68,29168.9214354902,0.02183651792260795,0.023185098658992022,0.02310333274981332,1.8991231437064417e-14,8.176590915971138e-05
69,29169.182761766,0.022912750374669787,0.024042247532440948,0.023957966327713336,1.8825583909372286e-14,8.42812047087859e-05
70,29169.4963595162,0.025610773715104576,0.023968492647980375,0.0238754666895586,1.877905006676612e-14,9.302595840299443e-05
71,29169.7576961576,0.022728402302294882,0.023782109448203564,0.023689928317835705,1.9496547529538482e-14,9.218113034836332e-05
72,29170.0190375108,0.025250841744984577,0.025089960995082285,0.024987979605684593,1.999233597915402e-14,0.00010198138937770124
73,29170.3326533545,0.026159581039724152,0.0260774172691555,0.025975932909749266,2.2359507247578687e-14,0.00010148435938387377
74,29170.5940050742,0.027023828162298702,0.026817531553680198,0.02672150988338976,2.2184351493645e-14,9.602167026825359e-05
75,29170.8553615061,0.026417702271214476,0.02646475199452115,0.02635753071327707,2.2817609024377174e-14,0.00010722128122126222
76,29171.1689954448,0.02665519524720816,0.02483333757548816,0.024729793524829895,2.23717191595242e-14,0.00010354405063589681
77,29171.4303622441,0.025313384721634174,0.026798505944848915,0.026696435619613077,2.4478772157036512e-14,0.00010207032521135733
78,29171.6917337561,0.02878175039902744,0.026618798878376662,0.02651347331079801,2.4108798979936206e-14,0.00010532556755454253
79,29171.9531099808,0.028938500388658674,0.028449594076211903,0.02833965743366598,2.5077253213397794e-14,0.00010993664252084732
80,29172.2667676716,0.03071236973837109,0.028260718259099014,0.028142528729272354,2.512409444211827e-14,0.00011818952980153504
81,29172.5281542649,0.028791932961308168,0.03064871414317185,0.03052694553609349,2.7140002336729e-14,0.00012176860705121942
82,29172.7895455714,0.0319320165509414,0.03270678759197907,0.032584989749523646,2.6775376875705627e-14,0.00012179784242864502
83,29173.1032213607,0.029221851675375925,0.0329574966183061,0.03283241507375342,2.717883287222736e-14,0.00012508154452550065
84,29173.3646230367,0.03121272072960319,0.03171311834100074,0.031588520381932425,2.8686414138302814e-14,0.00012459795903962782
85,29173.6260294262,0.03380330830360835,0.0333961403652132,0.03327471136356517,2.877159900562254e-14,0.00012142900161926241
86,29173.8874405295,0.033706280476337766,0.033024749301298575,0.0329005332287333,2.944533821470061e-14,0.000124216072535829
87,29174.2011400757,0.03592009433649363,0.03250734264577493,0.03238037144830472,2.958773258950712e-14,0.00012697119744062546
88,29174.4625615496,0.034576689663581926,0.03093024336142048,0.030803817883595062,2.9930386306608434e-14,0.00012642547779548525
89,29174.7239877376,0.034207027471728976,0.03389814371117918,0.033760427059335095,2.947812691949508e-14,0.00013771665181460185
90,29175.037705386,0.036510837593974464,0.03442060673194845,0.03428453801399783,3.1518688172740126e-14,0.00013606871791910807
91,29175.2991419456,0.03758212140417281,0.035853335190930515,0.0357096635841478,3.1894399368869435e-14,0.00014367160675081843
92,29175.5605832197,0.039253697921802264,0.03681116907120303,0.036652973928834605,3.238191147941585e-14,0.0001581951423360406
93,29175.8220292084,0.037889849619832494,0.037469958319286116,0.037310739945680495,3.116880913472842e-14,0.0001592183735744537
94,29176.1357706184,0.03925374505932292,0.03965833754578915,0.039502327045001256,3.333207327151206e-14,0.00015601050075455836
95,29176.3972269799,0.03904948294034701,0.04000626548042937,0.03984450753893352,3.451239331686457e-14,0.0001617579414613393
96,29176.6586880564,0.041160248086180386,0.039450955623725255,0.03929129954159826,3.538713684158593e-14,0.00015965608209160477
97,29176.9724475722,0.041287341972491634,0.04046554182694387,0.04030321997185952,3.636129566588158e-14,0.00016232185504798865
98,29177.1816243551,0.04090087817816483,0.041775790762137624,0.04160704778108841,3.626952353975035e-14,0.00016874298101294703
99,29177.4953951879,0.043766117339622546,0.04408986492378641,0.043916483277647286,3.720026245104325e-14,0.0001733816461019198
100,29177.7568760691,0.04469016925906111,0.04259491770993271,0.042416850754532276,3.88804416763616e-14,0.00017806695536155804
101,29178.018361666,0.0453989241315912,0.04525701365895112,0.04507660633855886,3.903180758643225e-14,0.0001804073203532327
102,29178.3321506072,0.04750801249595799,0.048476149865035144,0.04828694072047455,4.143123836688919e-14,0.0001892091445191613
103,29178.6459463395,0.04612180769550272,0.047674175288427045,0.04747921278801922,4.264314099637654e-14,0.00019496250036517865
104,29178.9074479709,0.047742282073125135,0.048168496631082136,0.0479673762926999,4.491265145451282e-14,0.00020112033833732246
105,29179.1689543185,0.04901358222595486,0.04904123881301925,0.048834140610766165,4.4080661803269545e-14,0.00020709820220900222
106,29179.4827681613,0.05119030934507878,0.047418483199929834,0.047209055382323915,4.498976516609478e-14,0.00020942781756092593
107,29179.7442848853,0.050745448024956494,0.051474497247464786,0.05126982438893734,4.782195476825698e-14,0.00020467285847962466
108,29180.0058063259,0.05328450226827102,0.053871711864984455,0.05366389977708614,4.786640459167301e-14,0.00020781208785044774
109,29180.2673324833,0.054360726442208115,0.053221717161788966,0.053002723928270906,4.7918780503342146e-14,0.00021899323347014308
110,29180.5811700986,0.05462767234421105,0.05409782314940269,0.05386224950717004,4.8825119258165094e-14,0.0002355736421838245
111,29180.8427066335,0.0552900658376278,0.053217337752010534,0.052981533475853715,4.950318403726676e-14,0.00023580427610731517
112,29181.1042478857,0.058607628010482304,0.05530675667946164,0.05506307493759308,5.0430150568884313e-14,0.000243681741818121
113,29181.3657938552,0.05818234166797413,0.0563860252791497,0.05613363563431275,5.3317145967402756e-14,0.0002523896447836382
114,29181.6273445421,0.06098970715358905,0.057923114551435916,0.05766975020684829,5.311236481351328e-14,0.00025336434453451594
115,29181.8888999467,0.061735221572473284,0.06000598163135187,0.059740124348350854,5.5227694827876956e-14,0.00026585728294579596
116,29182.2027726597,0.06351009296935778,0.0622707703429151,0.06200174711966755,5.6261713858812274e-14,0.0002690232231912889
117,29182.4643384435,0.06383673391697041,0.06257354233758493,0.06230385830706144,5.963939989622747e-14,0.0002696840304638473
118,29182.7259089453,0.06536678415920724,0.06553994552624356,0.06525729773163101,6.037553561569443e-14,0.0002826477945521677
119,29182.9874841653,0.06973153791518098,0.0679068745268806,0.06760950139208727,6.157629506308196e-14,0.0002973731347317531
120,29183.3013806574,0.0728249224891288,0.06809915866123192,0.06779352806721797,6.23200322520608e-14,0.0003056305939516233
121,29183.5106487602,0.07289796461610404,0.06919988010655301,0.06888996104977678,6.376354812823386e-14,0.00030991905671246087
122,29183.8245565766,0.07057866870211675,0.072136055383684,0.07181901085671938,6.481582257883936e-14,0.00031704452689981875
123,29184.0861516142,0.07336425378959457,0.07353950655818234,0.07321305106457841,6.57259305995494e-14,0.00032645549353820116
124,29184.3477513706,0.07411598565668369,0.07598030511774893,0.07564530791790754,6.923487165079861e-14,0.00033499719977215814
125,29184.6093558459,0.07797535781682464,0.07697013908982105,0.07662453222480323,7.095568779041159e-14,0.0003456068649468561
126,29184.9232874455,0.08087324781865693,0.08041724612901367,0.08005722199520832,7.400617423367655e-14,0.0003600241337313509
127,29185.184902303,0.08016273947623948,0.08201987496954655,0.08165762141186506,7.625247985632456e-14,0.0003622535576052339
128,29185.4465218798,0.0839473938989408,0.08341392616482605,0.08303831383497752,7.797500296782909e-14,0.0003756123297705564
129,29185.7081461761,0.08582217832964001,0.0860674407538281,0.08567359873439387,7.961477772802803e-14,0.0003938420193546274
130,29186.0221015615,0.08824908439032988,0.08857861610677042,0.08817536473871725,8.159312616321044e-14,0.0004032513679715942
131,29186.2314089276,0.09065722294436719,0.08795020683845131,0.08753780299018843,8.491033584226926e-14,0.0004124038481779776
132,29186.5453756405,0.09215891751972516,0.0936173615491702,0.09318408868048864,8.751117250255443e-14,0.00043327286859405053
133,29186.80701976,0.09692666762466916,0.09595274526556814,0.09551314597921755,9.156365036807672e-14,0.0004395992862590232
134,29187.0686685996,0.09797790279705902,0.09683051116883006,0.09637944554801765,9.439682817805965e-14,0.00045106562071800494
135,29187.3303221594,0.10000827212373978,0.09895804193676985,0.09848934656843278,9.411940005901163e-14,0.00046869536824295114
136,29187.6443126622,0.10390605078019886,0.10406345041216818,0.10357726913111474,9.655460195972395e-14,0.00048618128095688295
137,29187.9059766071,0.10769693388121564,0.10382121375151028,0.10331942504958108,9.924120731498452e-14,0.0005017887018299539
138,29188.1676452726,0.10875548916859842,0.10959913115080198,0.10908021385819133,1.0410491828297288e-13,0.000518917292506539
139,29188.429318659,0.11317488767933409,0.11108053562826482,0.11054121550440235,1.0760934732587635e-13,0.0005393201237548637
140,29188.7433329543,0.11721906349079991,0.11436238013217367,0.11380318055148825,1.126074528200422e-13,0.0005591995805728291
141,29188.9526795946,0.12148682536096982,0.11642488861351435,0.11584786950529247,1.1594797498069908e-13,0.0005770191081059349
142,29189.2667052206,0.12255885925772436,0.12042782637664887,0.11982350406111958,1.1922032437120213e-13,0.0006043223154100623
143,29189.5283984357,0.1269572296429679,0.12491616663528728,0.1242907809363862,1.2214174177855632e-13,0.0006253856987789471
144,29189.7900963723,0.1281411242177314,0.12869067815442356,0.12804645879081342,1.2733968304858207e-13,0.0006442193634828001
145,29190.0517990305,0.13191709530556106,0.1321109700745294,0.13144475191932264,1.3100857997252613e-13,0.0006662181550757449
146,29190.3135064104,0.13345482704133502,0.13881242714740358,0.13811567862086807,1.3426587455198803e-13,0.0006967485264012601
147,29190.6275614991,0.14195948198418903,0.1398014770229643,0.13906668116580237,1.4196202692139452e-13,0.0007347958570199519
148,29190.8892792672,0.14740014285846537,0.14330655100556355,0.14254973612632454,1.476833506974594e-13,0.0007568148790913144
149,29191.1510017575,0.1507728377724128,0.14674662270897953,0.14595610135197254,1.5325802682703572e-13,0.0007905213568537215
150,29191.4650749792,0.15529360030825293,0.1539638454257708,0.15314122284706772,1.594161804110534e-13,0.0008226225785436535
151,29191.6744609049,0.16062515890771223,0.15877025837163386,0.15792185854690735,1.6470990821023583e-13,0.0008483998245618134
152,29191.9361975622,0.16571483198104894,0.16505409045811442,0.1641680641260889,1.6776050433130045e-13,0.0008860263318577687
153,29192.250287785,0.17313895630153733,0.17017984695566066,0.16924348390445906,1.7537980738053271e-13,0.0009363630510262185
154,29192.5120348324,0.17798630817778163,0.17553981328885016,0.17455476445316173,1.8364791049969208e-13,0.0009850488355047642
155,29192.7737866026,0.18384923279146825,0.18267941178570404,0.18166164224315073,1.9154856118983043e-13,0.0010177695423617724
156,29193.0355430959,0.18607274812547306,0.1892598053322125,0.18819828045878725,1.9739311700649117e-13,0.0010615248732278534
157,29193.2973043124,0.19615708414546346,0.19534883943928455,0.19423692382074648,2.0805247424909534e-13,0.0011119156183300248
158,29193.5590702522,0.20082925281194927,0.19974955175410283,0.19857902379913833,2.1742488384415032e-13,0.0011705279547470598
159,29193.8208409155,0.21058683642323917,0.20765659353157842,0.20642286732420312,2.2480932237836683e-13,0.001233726207150488
160,29194.0826163022,0.21745196031985994,0.21677216080845974,0.2154781193345604,2.331332553467612e-13,0.001294041473666196
161,29194.3443964127,0.22535274516482023,0.2230290015003084,0.2216755719722834,2.4455632271176995e-13,0.0013534295277804406
162,29194.6061812469,0.2325885873252136,0.2336263432848923,0.23219939438437706,2.5488919833893846e-13,0.0014269489002603625
163,29194.9203292837,0.2418519982479236,0.24386542860790297,0.242371508175477,2.713659728422817e-13,0.0014939204321545983
164,29195.1821245108,0.24957338782546892,0.2504800955070664,0.24888846220691194,2.857439537982671e-13,0.0015916332998687113
165,29195.4439244621,0.26071856109651054,0.2637217855211818,0.2620621577047446,2.981666914731174e-13,0.001659627816139062
166,29195.7057291378,0.2705881039049809,0.27182420329316476,0.27008010382334413,3.1031258522003815e-13,0.0017440994695103326
167,29195.9675385379,0.2863545792070295,0.284352550279648,0.2825403811703738,3.264674673986469e-13,0.0018121691089477577
168,29196.2293526626,0.29375163397778087,0.29487448068990674,0.2929328126392937,3.438513028369408e-13,0.0019416680502691755
169,29196.4911715121,0.3047045286540265,0.3073678612495414,0.3053527252221652,3.55151306561694e-13,0.002015136027021023
170,29196.7529950864,0.3193076777166034,0.3178642405150819,0.31575536013199823,3.7500155903517463e-13,0.002108880382708689
171,29197.0148233857,0.33137969914815285,0.32777650450990387,0.3255349734978543,3.9542131499088043e-13,0.0022415310116541227
172,29197.2766564101,0.34914419902496074,0.3453955736927412,0.3430361479960601,4.130639122830038e-13,0.002359425696268073
173,29197.5384941598,0.36423658266790737,0.3668012593966704,0.3643420397969136,4.3299008570727066e-13,0.0024592195993238266
174,29197.8003366348,0.3808205330655957,0.3810239997212737,0.37842511228917963,4.547939569070526e-13,0.0025988874316392936
175,29198.0621838353,0.3978905413135378,0.3966466668347497,0.393946758275894,4.774690226539685e-13,0.0026999085583782724
176,29198.3240357615,0.417674328204484,0.4123432766417092,0.4095423281319674,5.035988690655094e-13,0.002800948509238219
177,29198.5858924134,0.43472016103064726,0.43752015220770635,0.4345930559506038,5.257356236422309e-13,0.0029270962565767582
178,29198.8477537911,0.45294286392921207,0.45872602426213777,0.45567006374208346,5.509205989534408e-13,0.0030559605195033626
179,29199.1096198949,0.47999030098020506,0.4783363849788651,0.47515165527852443,5.742961042741618e-13,0.0031847296997663485
180,29199.3714907248,0.504539353464823,0.499140249058091,0.4958414620907541,6.001268835917542e-13,0.0032987869667368166
181,29199.633366281,0.5235912567332922,0.5253536021162244,0.5219386205089176,6.254353770805954e-13,0.0034149816066814383
182,29199.8952465635,0.5504973294335435,0.5537894405056655,0.5502762794413747,6.579330206611531e-13,0.003513161063632822
183,29200.1571315726,0.5757875672511137,0.581368223519862,0.5777638506357683,6.833306661083461e-13,0.003604372883410289
184,29200.4713998227,0.6137881253069813,0.6119589473630127,0.6082161788437339,7.11799157752471e-13,0.0037427685185669854
185,29200.7332952305,0.6483940573491912,0.6468752672584435,0.6430483417162217,7.351822601510147e-13,0.003826925541486518
186,29200.9951953653,0.6779904427742109,0.6845731638177132,0.6806858142883173,7.663089255646411e-13,0.003887349528629593
187,29201.2571002272,0.7065871186692845,0.7070408328438621,0.7030868903504335,7.866528831480553e-13,0.003953942492641875
188,29201.5190098162,0.7473988508692738,0.7457588509809134,0.7417184488143238,8.064964519492372e-13,0.004040402165783135
189,29201.7809241325,0.7853680396451668,0.7938766008596766,0.789786544692996,8.336702474602591e-13,0.004090056165846937
190,29201.9904589893,0.8198635714103727,0.8188398150428731,0.8147269226128836,8.51548615354742e-13,0.004112892429137916
191,29202.3047669476,0.8563332502831038,0.8648577273306668,0.8607102387222613,8.805942607619252e-13,0.00414748860752487
192,29202.5666954466,0.9028096080395991,0.912227755256128,0.9080651148376051,8.986704397708614e-13,0.004162640417624172
193,29202.7762416498,0.9408705350968216,0.9429656303859076,0.9387827941078613,9.135565497218014e-13,0.00418283627713273
194,29203.038178659,0.9844023390412148,0.9825833070368531,0.9783967232901817,9.294291011875237e-13,0.004186583745741941
195,29203.3525093111,1.0251084364968672,1.0348575404965066,1.0306639732115093,9.534931962283228e-13,0.004193567284043785
196,29203.6144567221,1.0774609939093949,1.08073051412301,1.0765448513462066,9.692817657168554e-13,0.004185662775834015
197,29203.8240180553,1.1198918867340506,1.115015792531622,1.1108422906111883,9.796749770046908e-13,0.004173501919454067
198,29204.0859739775,1.1629477110284212,1.1518193934416359,1.1476609651642886,9.914823974542958e-13,0.004158428276355901
199,29204.4003273258,1.1990944154888636,1.2171528162990712,1.2130248974809474,1.0119191211373865e-12,0.004127918817112
200,29204.6099000076,1.2464174669285712,1.2549512978195452,1.2508362244502487,1.019752211316874e-12,0.004115073368276756
201,29204.8718701158,1.2864368940237625,1.291831857495529,1.287725180102697,1.0292291662799042e-12,0.0041066773918028
202,29205.1338449529,1.3250503119478214,1.330926982886708,1.326852039005923,1.0404902144559183e-12,0.004074943879744497
203,29205.3958245191,1.3537508680699526,1.3715517678609315,1.3675088984766768,1.0483410144935097e-12,0.004042869383206481
204,29205.6578088145,1.3888630125391797,1.3982353117266593,1.3942201881498177,1.057135228054101e-12,0.004015123575784472
205,29205.9197978393,1.430203668000946,1.4233285292834896,1.4193479404099116,1.0646024212449103e-12,0.00398058887251319
206,29206.2341909119,1.4626626549360897,1.4594420820969771,1.4554999588507087,1.0722562439177783e-12,0.003942123245196078
207,29206.4961903416,1.4910279932150485,1.4866889011601803,1.4827592115181465,1.0757746620398091e-12,0.003929689640957908
208,29206.7057932908,1.5120857595222472,1.5069680845456077,1.5030648637179274,1.076982630293746e-12,0.003903220826603378
209,29206.9678012341,1.5280770305202358,1.5299661937289817,1.5260879308525548,1.083639423666885e-12,0.0038782628753433897
210,29207.2298139074,1.5440976141718759,1.5463229604191089,1.5424759095956477,1.08450666682318e-12,0.0038470508223765886
211,29207.4918313107,1.558406318783283,1.5597900824381858,1.5559665954753563,1.083798945739854e-12,0.003823486961745827
212,29207.7538534444,1.5636749139785566,1.5677930254179089,1.563989599835941,1.087018780543303e-12,0.003803425580880878
213,29208.0158803083,1.5716294323052202,1.572321511385343,1.5685300000682325,1.0844073027324165e-12,0.0037915113160261124
214,29208.2779119027,1.5762870018247144,1.5744327339310382,1.5706824409495586,1.0798082453826663e-12,0.0037502929803998417
215,29208.5399482278,1.57777445758363,1.5710712274085457,1.5673272189096918,1.076319683480382e-12,0.0037440084977776495
216,29208.8019892835,1.570336739155135,1.568936161628028,1.5652135976460946,1.0722438204904707e-12,0.0037225639808612255
217,29209.0640350702,1.5649993624000116,1.5611285825248435,1.5574175733426086,1.069858859983708e-12,0.0037110091811651136
218,29209.2736751058,1.5573838575427665,1.5555554179160298,1.551857363510732,1.063779068035969e-12,0.0036980544042340704
219,29209.5357294083,1.5500169603822809,1.550025852218875,1.5463577112756524,1.0589627552458043e-12,0.003668140942163655
220,29209.797788442,1.540078441896429,1.5388252054766571,1.5351618746680433,1.0485461518646557e-12,0.003663330807565357
221,29210.0598522071,1.5273463756248848,1.5263215314982723,1.522671579208779,1.0418144301456072e-12,0.003649952288451524
222,29210.3219207036,1.5096427998879007,1.5093571308962483,1.5057362748658898,1.0340496454972662e-12,0.00362085602932455
223,29210.5315789076,1.4902086798428709,1.492977919436063,1.489358958317475,1.0296825092409443e-12,0.003618961117558531
224,29210.8460718916,1.4718510048951787,1.4744621184906999,1.4708591033419043,1.0141238435709551e-12,0.0036030151477815923
225,29211.0557376664,1.455551739895284,1.4557851334005765,1.4521969474003071,1.0089288801363711e-12,0.003588185999260331
226,29211.3178241437,1.4400493002484047,1.4354084805230978,1.431833003709057,1.0002131825566871e-12,0.0035754768130404524
227,29211.5799153531,1.4254034353825666,1.4173684124714085,1.413798330983558,9.89077891648631e-13,0.0035700814868615234
228,29211.8420112948,1.3995257459611643,1.3988046905449512,1.3952433121405297,9.807622121402134e-13,0.0035613784034408337
229,29212.0516914553,1.3815914713476622,1.3842555949630926,1.3807032675232325,9.705659033406332e-13,0.003552327438889543
230,29212.3137959152,1.364746741212179,1.3630998701689085,1.3595529642233284,9.62429825133968e-13,0.0035469059446178956
231,29212.5759051077,1.3452183225051186,1.3423894982079139,1.3388454579002056,9.542919995983575e-13,0.003544040306753871
232,29212.7855958693,1.3244115686163733,1.3286056635724284,1.3250558841988875,9.480037202036923e-13,0.0035497793725929668
233,29213.0477135807,1.3056365159296406,1.3094419163624254,1.305902451645858,9.378259266625435e-13,0.003539464715629401
234,29213.3098360251,1.285395438036537,1.2869127982714668,1.283386703991797,9.313120784543193e-13,0.003526094278738494
235,29213.5719632025,1.265383854277048,1.2681411885104314,1.2646173209279734,9.212090864226636e-13,0.003523867581536741
236,29213.8340951132,1.2522299618071535,1.250653924852882,1.24713810084927,9.14743539957547e-13,0.0035158240026973184
237,29214.0962317571,1.2374523518971803,1.234273556056984,1.230758061137559,9.074985684051491e-13,0.0035154949185173647
238,29214.3059444803,1.220688625910232,1.2224807108505853,1.2189682452455384,9.00571189120993e-13,0.0035124656041462614
239,29214.5680896446,1.2069942906164355,1.2101258300197513,1.2066208553981803,8.929621581065362e-13,0.003504974620677855
240,29214.7778091842,1.190672433934381,1.1990988417315582,1.195592073181067,8.881034910844835e-13,0.0035067685496030215
241,29215.0399628692,1.1789999442213588,1.183946523521524,1.1804459427490372,8.812084127187575e-13,0.003500580771605536
242,29215.302121288,1.1665929482496957,1.1658894858799183,1.1623957165086412,8.762019156718897e-13,0.0034937693704008574
243,29215.5642844409,1.1540621416152474,1.152151208610427,1.1486597962139222,8.694321907155251e-13,0.003491412395635327
244,29215.8264523279,1.1447630629069743,1.143417888021861,1.1399312429272639,8.649535139912973e-13,0.003486645093732308
245,29216.0361900462,1.134485114505448,1.1356820842819524,1.1322006074391346,8.605838086856036e-13,0.0034814768419572017
246,29216.2983664551,1.122947344836009,1.1240330510646397,1.120550226260761,8.542530612699847e-13,0.0034828248030245174
247,29216.508110991,1.1167527064235636,1.1188158482118733,1.1153294163505205,8.510440919224731e-13,0.003486431860501639
248,29216.7702959221,1.1074568252301646,1.1110027323004417,1.1075159186924455,8.467830521980031e-13,0.0034868136071493057
249,29217.0324855879,1.1000643076965724,1.102984018010244,1.0995007076901362,8.432688128321844e-13,0.0034833103192643444
250,29217.2946799886,1.0914250940764152,1.09413807706325,1.0906603905799954,8.377797268644618e-13,0.003477686482416905
251,29217.5044389184,1.085291693279851,1.0873668077958323,1.0838849156732304,8.351381336729389e-13,0.0034818921217668187
252,29217.7666418422,1.079606522408275,1.0783461250220274,1.074864823598728,8.292241360579934e-13,0.0034813014224703764
253,29218.0288495012,1.0710617004001697,1.0697825535670957,1.0663091544156609,8.253007410012827e-13,0.003473399150609414
254,29218.2386190379,1.062230943426099,1.0625119737424735,1.0590365455437514,8.228151190789408e-13,0.0034754281978993584
255,29218.5008352207,1.0559390416098067,1.0578025778201696,1.0543273576777479,8.198145905743138e-13,0.0034752201416018585
256,29218.7630561391,1.0461066374666173,1.0520676213112579,1.048591737226923,8.162211785221637e-13,0.0034758840835188314
257,29219.0252817932,1.0411103617168682,1.0491711258485807,1.0456871426751115,8.114520505968706e-13,0.003483983172657748
258,29219.2350657262,1.035989938833196,1.0432976092751014,1.0398175564471914,8.104642496723236e-13,0.0034800528270994254
259,29219.497299905,1.0319216732036771,1.0337986708006055,1.0303203333755866,8.084133547695917e-13,0.003478337424210356
260,29219.7595388198,1.0240647922631194,1.0285753248478766,1.0250948317199113,8.040044150727789e-13,0.0034804931271613187
261,29219.9693333617,1.0190229770062196,1.0262139464230078,1.0227326727049955,8.003217037849056e-13,0.00348127371721207
262,29220.2315808017,1.013824965556146,1.0175544671581,1.0140744436650686,7.974512145014089e-13,0.0034800234922341177
263,29220.441382164,1.0108145704187042,1.014865454777532,1.0113826465020739,7.963435357288893e-13,0.0034828082746617417
264,29220.7036381298,1.0098531647494051,1.0090310829368472,1.005559675909348,7.943073864675058e-13,0.003471407026704942
265,29220.9658988322,1.0033280856817457,1.0032945801373354,0.9998245987736268,7.915986830885414e-13,0.0034699813629169908
266,29221.1757108046,1.0009393598232603,1.0007609505072517,0.9972946902562234,7.893087529241522e-13,0.0034662602502389265
267,29221.4379800334,0.9986930982133446,0.9952055461195584,0.991740058368024,7.86479022630161e-13,0.003465487750747834
268,29221.7002539992,0.9919625653004813,0.9907906948559974,0.9873262994635623,7.855583667976195e-13,0.003464395391649417
269,29221.9100765825,0.9858930786684752,0.9905145294410398,0.9870469959397012,7.826798335626048e-13,0.0034675335005558776
270,29222.1723590753,0.9808912982292215,0.9848510544266298,0.9813813489844114,7.810647036155061e-13,0.0034697054414372665
271,29222.4346463054,0.9792950346952145,0.982478584913873,0.9790160897990712,7.771531988471974e-13,0.0034624951140245917
272,29222.6444795005,0.977266883752314,0.9797501359535472,0.976296122657558,7.743612320833896e-13,0.0034540132952147556
273,29222.9067752583,0.9747919343721763,0.9757039008637732,0.9722406730911843,7.740302703323086e-13,0.0034632277718148687
274,29223.1166152757,0.9691316677640639,0.9716537640587259,0.9681929719363022,7.740257168195588e-13,0.003460792121649729
275,29223.3789195615,0.9647982656692314,0.9711071719303366,0.9676543071780822,7.736238482403435e-13,0.0034528647514807326
276,29223.6412285852,0.9613163145364505,0.9681084392560283,0.9646612186719238,7.693571463118141e-13,0.003447220583335122
277,29223.8510792157,0.9625211183395205,0.9638310147526509,0.9603818350966655,7.667474739409495e-13,0.0034491796552186603
278,29224.1133967681,0.9563198689495184,0.9609080064128362,0.9574760384483764,7.654138787903196e-13,0.0034319679636945185
279,29224.3757190589,0.9584739117742943,0.9569173324542585,0.9534773741599472,7.643895450459448e-13,0.003439958293546973
280,29224.5855803032,0.9506466124881539,0.9535638135170975,0.9501224422269613,7.604770267459054e-13,0.0034413712893756835
281,29224.8479111233,0.948705297038075,0.9509244860340617,0.9474819674488747,7.58877161283413e-13,0.003442518584428145
282,29225.0577791912,0.946619495343668,0.9490047184191045,0.9455603783340405,7.572113935333245e-13,0.003444340084306874
283,29225.3201185411,0.9408567392061518,0.9437961251211606,0.9403555606622309,7.548227387764433e-13,0.003440564458174903
284,29225.5824626298,0.936680285145969,0.9387555418639176,0.9353224302063395,7.533885155686536e-13,0.003433111656824652
285,29225.792341313,0.9371816256724858,0.9384047151957761,0.9349740606843403,7.490055719705507e-13,0.0034306545106868504
286,29226.0546939321,0.9330889200786364,0.9345506174865954,0.9311188373110516,7.489048190119678e-13,0.0034317801747948055
287,29226.3170512906,0.9274697900481048,0.9281930308449791,0.9247680059449392,7.462697203641149e-13,0.003425024899293515
288,29226.5269405897,0.9209692297552435,0.9270506178651574,0.9236319093804892,7.452677205007772e-13,0.003418708483922929
289,29226.7893064791,0.9172191302787708,0.9234332175748902,0.9200174359076675,7.427620260175331e-13,0.003415781666479879
290,29227.0516771083,0.9137678907053219,0.9168962668659277,0.9134808821855307,7.409308951031675e-13,0.0034153846796560364
291,29227.2615770242,0.9073598986253196,0.9172584377775638,0.9138548070641515,7.410110947353038e-13,0.0034036307126713446
292,29227.523956185,0.9028504298314282,0.9068706815914948,0.9034720182854206,7.384641981392258e-13,0.003398663305335753
293,29227.7338629264,0.8996763507810301,0.8993382696158941,0.8959375124205712,7.361360463571925e-13,0.0034007571945868106
294,29227.9962506193,0.8942449427124947,0.8965222715521821,0.893122398822492,7.32923456550775e-13,0.0033998727289571576
295,29228.2586430524,0.8896251491548728,0.890667679433086,0.8872726033058295,7.298641767259549e-13,0.0033950761265266675
296,29228.4685604119,0.8881769800434947,0.8862901220575131,0.8829007167622154,7.266241821224905e-13,0.003389405294571096
297,29228.7309613778,0.8776275419872095,0.8793881059805371,0.875995952120386,7.242204468494564e-13,0.0033921538594269057
298,29228.9933670842,0.8719016427879159,0.8736594432245244,0.8702736003401735,7.220152146053498e-13,0.003385842883628821
299,29229.2032950627,0.8650349700662241,0.8696001915333847,0.8662166885022183,7.196010211645501e-13,0.003383503030446752
300,29229.4132260753,0.8605175506295748,0.8683162271897487,0.8649395629276877,7.181339854755225e-13,0.0033766642613428537
301,29229.6756441079,0.8541764843010241,0.8617649462729602,0.8583863207958277,7.159605111562135e-13,0.0033786254764165222
302,29229.9380668815,0.8535347048232396,0.856299108351588,0.8529206842079317,7.146966390199e-13,0.003378424142941675
303,29230.148008514,0.8490830954802724,0.8509778602397319,0.8476039969284908,7.141064492169977e-13,0.003373863310527041
304,29230.357953181,0.8429557345858045,0.8477411340911849,0.8443786186398393,7.137155250917895e-13,0.003362515450631815
305,29230.620388282,0.8399317989179923,0.8427429210559395,0.8393887283762819,7.115914574051439e-13,0.003354192678946068
306,29230.8828281244,0.8366221952584868,0.8374703739762945,0.8341224433331863,7.098753313677359e-13,0.00334793064239831
307,29231.0927834124,0.8322843142729947,0.837699486717123,0.8343367836096854,7.083013217676407e-13,0.0033627031067292807
308,29231.3552317899,0.8306159073670706,0.8329014359548903,0.8295415268403379,7.080958076632894e-13,0.003359909113844306
309,29231.5651939061,0.826643006443357,0.8284178006461266,0.8250589613030126,7.061973701239183e-13,0.0033588393424077356
310,29231.8276508191,0.8256291756876287,0.8266936799238824,0.8233329274001465,7.061583907302817e-13,0.003360752523029643
311,29232.0376197638,0.822409772739387,0.8241530470909258,0.8207969672220062,7.042429144577428e-13,0.0033560798682153647
312,29232.3000852126,0.8216303770684393,0.8230133772767658,0.8196562964448433,7.037722136484927e-13,0.0033570808312187554
313,29232.5625554038,0.8193849872798727,0.8209206366830658,0.8175729174921339,7.048100404777015e-13,0.0033477191902270965
314,29232.7725349714,0.8196388439421882,0.8182078460121315,0.8148711535324012,7.0354756893939e-13,0.0033366924790266517
315,29232.9825175741,0.8189176850299726,0.8187695463933223,0.8154261783967188,7.044373475091887e-13,0.0033433679958990185
316,29233.245000096,0.8188127307750422,0.8184742669849042,0.8151187938758175,7.012928557130292e-13,0.003355473108385365
317,29233.5074873607,0.8170927907295306,0.8160967405714544,0.8127345849150903,7.024690680425953e-13,0.0033621556556616213
318,29233.7174805873,0.8164258205488633,0.8159004378878185,0.8125445102324106,7.019215649813644e-13,0.003355927654706071
319,29233.9799763893,0.8142821609312071,0.8168706692830682,0.8135249551611767,7.039948071150302e-13,0.0033457141211874915
320,29234.189976446,0.8170049506008105,0.8161088559775153,0.8127630876154046,7.064013495559023e-13,0.0033457683614041664
321,29234.4524807858,0.8183854582853868,0.8180876257111237,0.8147320278498644,7.054195606554974e-13,0.0033555978605537876
322,29234.6624876728,0.820887050623259,0.8185528595404389,0.8151898056889393,7.054139010698978e-13,0.0033630538507941703
323,29234.8724975957,0.8253025432250779,0.8210898997293651,0.8177245801587427,7.050116532496021e-13,0.003365319569917352
324,29235.1350142686,0.82480374786428,0.8214103928631548,0.8180450019157575,7.076018944870358e-13,0.003365390946689676
325,29235.3975356852,0.8254598605975249,0.8238510257932543,0.8204834156388664,7.081152933519108e-13,0.0033676101536798137
326,29235.607556234,0.8241965573137341,0.8238994390544475,0.8205365219659336,7.088730825165532e-13,0.0033629170878049577
327,29235.8700861896,0.8264157157137217,0.8257200858899314,0.8223593411828822,7.110094795007539e-13,0.0033607447063381648
328,29236.0801135698,0.8277789997654789,0.8292076635276278,0.8258372739661496,7.121180096547518e-13,0.003370389560766064
329,29236.2901439863,0.832890494394282,0.8303282703940038,0.8269544429221711,7.116063964560837e-13,0.003373827471121072
330,29236.5526862768,0.8321779349725925,0.8300508830402445,0.8266801082596371,7.135534566009693e-13,0.003370774779893847
331,29236.7627235251,0.8332390378366641,0.8321643026473337,0.8287866365829647,7.147552146735193e-13,0.0033776660636541537
332,29237.0252743556,0.834754321778824,0.8345378223559121,0.8311571328159145,7.169809655092706e-13,0.0033806895392805843
333,29237.2353184362,0.837786359513932,0.8350011697745833,0.8316216825570673,7.201895652689186e-13,0.0033794872167958413
334,29237.4978778071,0.8380430429817437,0.8355215021861544,0.8321382403773118,7.19726923875537e-13,0.0033832618081228827
335,29237.7079287202,0.8428772871120305,0.8403427481167818,0.8369587552180335,7.205784425628831e-13,0.0033839928980277626
336,29237.970496632,0.8416070358818537,0.8427545426285774,0.8393678302590174,7.190239118059637e-13,0.003386712368840972
337,29238.1805543779,0.8427381189456903,0.8464167108120606,0.8430179731077744,7.206855524483452e-13,0.0033987377035656144
338,29238.3906151608,0.845513852741812,0.8472325884634924,0.8438331418547581,7.2232067960664e-13,0.0033994466080118956
339,29238.6531954102,0.8480227106505036,0.8474957539691859,0.8441040452970837,7.243475916133289e-13,0.0033917086713778394
340,29238.915780405,0.8515077601528407,0.8488821654767728,0.8454773851438133,7.257359450468487e-13,0.0034047803322337284
341,29239.1258518176,0.8526366812593912,0.8502234032112507,0.8468077834937641,7.272332138221082e-13,0.0034156197167593606
342,29239.3359262675,0.8556559512327718,0.8527184680156001,0.8493044489466413,7.293866368984124e-13,0.003414019068229483
343,29239.598523601,0.8566938577808436,0.8548051123314727,0.8513805075295348,7.323978585142417e-13,0.0034246048012054908
344,29239.8086048849,0.8594028162818788,0.8586687175997157,0.8552444236213359,7.342228750019325e-13,0.0034242939776456117
345,29240.0712107612,0.863276415433762,0.8610836394055261,0.8576570811682908,7.328138257932638e-13,0.00342655823650251
346,29240.2812988794,0.8639200187273239,0.8624314156450832,0.8590021625944229,7.373716280102072e-13,0.0034292530499228837
347,29240.4913900352,0.8666938336989873,0.8618429187085062,0.858407693744445,7.393358920358193e-13,0.0034352249633218435
348,29240.7540082517,0.8729124199486695,0.8678930383413199,0.8644530556298266,7.369949839119433e-13,0.0034399827107563525
349,29240.9641062423,0.870668013461379,0.8710904282698598,0.8676412865722812,7.390924695451102e-13,0.0034491416968395004
350,29241.2267330025,0.8732246088329094,0.8737389779895549,0.8702920817444538,7.39874012622219e-13,0.0034468962443612817
351,29241.4368378283,0.8764961160467509,0.8748541526642639,0.8714043498637704,7.417036727737812e-13,0.0034498027997517935
352,29241.6994731327,0.8785204445577539,0.8758148706669547,0.8723607939649517,7.446209275859346e-13,0.0034540767012583803
353,29241.9095847939,0.8818241587505378,0.8760283823720882,0.8725704406957411,7.445712267231866e-13,0.003457941675602587
354,29242.1196994933,0.883466969478908,0.8793888876625131,0.8759257732094182,7.466379321571131e-13,0.0034631144523482233
355,29242.3823471399,0.8839266759878281,0.8837592929797007,0.880287255042277,7.489559244638933e-13,0.003472037936674686
356,29242.5924686753,0.8905788384287848,0.8852539642137838,0.8817878944736662,7.498964575227093e-13,0.0034660697393676548
357,29242.8551248671,0.8928624626781131,0.8892663607887555,0.8857905019831652,7.524906116170917e-13,0.0034758588048377907
358,29243.0652532387,0.8974695583617344,0.8930903415149735,0.8896170460942593,7.537549628365652e-13,0.0034732954199604474
359,29243.2753846488,0.899207690104816,0.8935329147002944,0.8900532963577742,7.530725325257885e-13,0.0034796183417670984
360,29243.5380531844,0.8990040692534124,0.8984480870985143,0.8949555888187505,7.551263604674522e-13,0.0034924982790086505
361,29243.7481914312,0.903170483956466,0.9034804148214942,0.8999926279293916,7.589595181609507e-13,0.0034877868913436422
362,29244.010868513,0.9076367694766255,0.9052380569487798,0.9017424227866245,7.638565100479533e-13,0.0034956341613914276
363,29244.221013597,0.9089242100885367,0.9080026269205811,0.9045062897770829,7.647762721225448e-13,0.0034963371427334943
364,29244.4836992253,0.9109685711906069,0.9128451792296133,0.9093558053443388,7.645842733472604e-13,0.0034893738845098747
365,29244.6938511467,0.916146742680712,0.9164434893644491,0.9129435758547472,7.656883296247519e-13,0.003499913508936159
366,29244.9040061071,0.9205139585828181,0.9172497416675341,0.9137436556363246,7.672077896602229e-13,0.0035060860304423694
367,29245.1141641066,0.924406963885073,0.9218252507229047,0.9183286542623362,7.686658757820857e-13,0.0034965964597996678
368,29245.3768658796,0.9285933959640211,0.9237013071234774,0.920189263067916,7.705885082400874e-13,0.0035120440547907624
369,29245.5870307171,0.9345741151358101,0.9289175901063605,0.9254068471179077,7.728555800505553e-13,0.0035107429876800236
370,29245.7971985939,0.9369748741750794,0.9312406683366006,0.9277384176359715,7.747977410488824e-13,0.0035022506998542507
371,29246.0599127139,0.9400838101785632,0.9341605633955987,0.9306516455833398,7.747386111186585e-13,0.0035089178114842087
372,29246.322631583,0.9460850233012974,0.9400294328853338,0.9365127743469287,7.795731276672623e-13,0.0035166585376254834
373,29246.5328100976,0.9462398951343668,0.9461197039241338,0.9426125255633444,7.806404184061833e-13,0.0035071783600087608
374,29246.7429916518,0.9490351953494496,0.9497841458509603,0.9462700669381279,7.802576325936695e-13,0.003514078912052095
375,29246.9531762457,0.9527418666418186,0.9526684240096718,0.9491494519405229,7.832456820561902e-13,0.0035189720683655897
376,29247.1633638792,0.9531265916585863,0.9568411973075079,0.9533236359340074,7.860692162600176e-13,0.0035175613727145157
377,29247.4261026957,0.9590926772066812,0.9620412924470332,0.9585124299782627,7.876454871879717e-13,0.003528862467982908
378,29247.5837482655,0.9661201861504527,0.9631350174567471,0.9596072059176532,7.888469968300369e-13,0.0035278115383050772
379,29247.8464946816,0.9665985921093374,0.9670117055743725,0.9634972188487744,7.922849685474786e-13,0.003514486724805905
380,29248.1092458477,0.9724510251365611,0.9686098520871376,0.965095469677802,7.940436535135274e-13,0.003514382408541547
381,29248.3194502007,0.9760633973261948,0.9739862695406258,0.970459485349986,7.935559308607205e-13,0.0035267841898461673
382,29248.5296575937,0.9811350700224825,0.9779307893687972,0.9744127721339673,7.939693820841188e-13,0.0035180172340360163
383,29248.7398680269,0.9839506012948501,0.978918254983568,0.9753969824795525,7.964154123500253e-13,0.003521272503219072
384,29249.0026353437,0.9861200085901425,0.9853733592419014,0.981851262797725,7.975472122387383e-13,0.0035220964433787523
385,29249.2128526175,0.990832504465834,0.9883615337992173,0.984847105669572,7.990304996966988e-13,0.0035144281288462605
386,29249.4230729317,0.9925867164212366,0.9899843022312896,0.9864634182632527,8.01385438387289e-13,0.003520883967235646
387,29249.6332962864,0.9986474381979694,0.9923582976994739,0.9888288853055548,8.035286153092326e-13,0.0035294123931155622
388,29249.8960797555,0.9997733046310333,0.99866471127437,0.9951357100050662,8.060724065478375e-13,0.0035290012684977847
