,0,1,2,3,4,5,6,7,8,9,10,11,12,13,14,15,16,17,18,19,20,21,22,23,24,25,26,27,28,29,30,31,32,33,34,35,36,37,38,39,40,41,42,43,44,45,46,47,48
1,1.3561415949141964,-0.08803348507702946,-0.037534736997732576,0.006295614826069773,-0.0017003233308390264,-0.013009088152528214,-0.0021907335115765036,-0.00800353477544502,-0.009102705240010056,0.01950993577820448,0.006342732476753099,0.013261077372248131,-0.00501674991204859,-0.013852419534692628,0.010182972232928078,0.0065405991119192874,-0.004964983894852448,-0.0035958063704477627,0.004490714354170922,0.010750195608881796,0.0004095773750855125,0.009890422685619404,-0.01496421773460166,-0.005441986021341938,-0.0003332175861650022,-0.0027947131058949637,-0.007042949147594957,-0.002946655257941133,-0.002327818424858047,0.00932521270434683,-0.003949333876263339,0.0043026272463910775,0.007354806935391256,0.0019905230653401718,0.005560116226657863,-0.006793996266889368,0.0003845975302799176,-0.0007740054221075966,0.014483825199540501,-0.004758388167804717,0.0023139594288394127,-0.0033239770199553487,0.003471111401383231,0.00287023457593949,-0.008502601699001244,0.0039060152422341066,0.0019457418855234332,-0.0012538297128450449,6.661338147750939e-15
2,1.369631069384267,-0.10965222417358778,-0.033082121446882606,-0.022422402503664784,0.0016744422454415542,-0.007894395660008158,-0.0024257692065510206,0.005230916740740943,0.009506649888086027,6.712470284608862e-05,-0.008876286255171895,-0.014351773814140545,-0.00905818054562424,0.006053418585083792,0.018909557093611973,0.00010600957807693767,-0.003968067748063131,-0.009632818049831071,0.008925441644426546,-0.006091412327728918,-0.00810967604283308,0.008805560945305657,0.013932601750801243,-0.004698498412208485,-0.0024937619122026855,0.013306057395827353,0.008046431360866468,0.0035719910063551907,0.004004401746950298,0.004015441805209186,-0.0011482094818587307,-0.007029845291813663,0.001602187954309775,0.010003412328079664,-0.005584813214591811,0.0020402411077887206,-0.0021503973895101725,0.007957031645748406,0.005923446197532378,0.00024741693206387083,-0.0044085731945489315,-0.0030262797796757335,0.007251953877654482,-5.317022619344414e-05,0.003555162583090299,-0.0005543024588573475,-0.005136969057982554,0.005437213892998116,6.38378239159465e-15
3,1.3509137008086853,-0.08534072520696867,-0.03214542528087572,-0.0016329530214660437,-0.006700788405794356,0.005856451696697462,-0.0024074285931316997,-0.008743548397949219,0.0017066419415461276,0.006233759134856465,0.015097910673946169,0.013090980474976033,-0.002356166909420754,0.005423328263916005,0.007778544547581756,-0.019505622356388086,0.017921917915584284,0.008088481157068728,-0.0020601513573685892,0.006094302268761398,0.002384122450432513,-0.008253858610352716,0.009105287898544034,0.01017544257969405,-0.006749413971081086,0.001544706975256105,0.008240436053585931,-0.0016362748098681656,0.001601766252573994,-0.008243002060637772,0.006805721755102745,0.01369977909776654,-0.0026228416308451408,0.008019124222299112,-0.0020610262198668128,0.0021013014628148974,-0.0004917673705734926,0.004539871599247684,0.00031196179637671406,0.004757374337266973,0.00331467021471768,-0.00039678742763515906,-0.00612217671902221,0.004486409563226212,-0.0023888749553895305,-0.0011679760131417805,0.0057894466830035185,0.008253900661323033,6.494804694057166e-15
4,1.3569751838993953,-0.08083723606881232,-0.024754353412673957,0.020100522355247286,-0.016772723505136256,-0.0026998959213715423,-0.009857585125171209,0.00319998888672246,-0.0038595306282898645,0.0010878571926857816,-0.0031798200669841403,-0.004565061374549151,0.017329261666812368,0.0010959151914786691,-0.014128276647372928,0.004611151778580513,0.00023002795775539653,-0.0010700149921848423,0.005037134380022068,0.006574855246938238,-0.0051078350989506305,-0.006429155192149483,0.007154045047547797,-0.0020072308852775445,0.003579651135641404,0.012784380918474558,0.00044648679049774653,-0.0032882966993710294,0.0033686327657685144,0.018669323260141923,0.019491360997799356,0.0012877695950788137,-0.0028676187863108105,-0.005644774405552971,0.005287037725960175,0.0019765699913265045,0.0013049159674642374,0.0013821951274995935,0.0013691094949173088,0.007768026567893882,0.0011759924844331193,-0.002878572992094597,-0.002794488849480692,-0.004535450858332846,0.007930505351209538,0.004526063429257043,0.0019499262744691048,-0.005171941813534975,6.439293542825908e-15
5,1.3431159597521398,-0.04331370515932864,-0.028977415401380213,0.025092778468511767,-0.011592262213872218,-0.011475893698666972,0.0022531474271016982,-0.0003905706130318265,-0.010052394683967236,-0.00133534529974777,-0.004210785674419126,-0.006492309426223364,-0.006893621292327179,-0.005063897166526332,-0.002769451361013253,-0.0052433542153325075,-0.002247660355481962,-0.0027885457193362884,0.017950614869978176,-0.009735384567145955,-0.0011967773317971275,0.007047871107166703,-0.011862703425513654,0.007796622230018757,0.0025789867984870596,-0.0011321267785893152,-0.0086715315513608,0.002772364834550567,0.009983759601414094,-0.016014264549271684,0.004153736670211239,-0.006489570239228082,-0.004768702511759315,0.0062206931160722345,-0.00301291000311088,0.003038127557130066,-0.00654421438510322,-0.008334385574850545,-0.013850233341005769,-0.0022862704241668474,-0.005855084518062881,-0.002574844388684161,-0.0064286717221160306,0.0010009738503073962,0.0015838408720133534,-0.003976650523674352,0.00359898328867847,0.00013952561110597284,6.661338147750939e-15
6,1.3400646492058466,-0.06756187309248407,-0.027001006468068134,-0.0050262272155201515,-0.003011252329240932,0.012548719919334594,0.005946679835810098,0.03055364301255703,0.010719185067590564,0.004721428683699402,0.002385728879162219,-0.0006434803347904472,0.007127613857349724,0.0018926693641309056,-0.002945969601686693,0.005519809932989617,0.0006824314861137992,0.005098774054135613,0.0079624373986944,0.003527009240870127,0.017004062417384613,-0.00288343957568743,-0.009160541061744354,-0.003836236059789444,-0.002097847155074828,-0.0005273407734240898,0.014347277494387134,-0.0019023574935912446,-0.01327065309992484,-0.00921362316948715,-0.00021266487567328518,-0.010719332022216366,-0.0009919421536652706,-0.001043335684713792,0.005495870636458733,-0.004087195266462396,0.002173006055639415,-0.001066805447329778,-0.004494066172002764,-0.0012375720901782739,0.0058907164968007575,-0.0035645077048686025,0.008222003559248015,0.004896165441919065,-0.0006459952186883555,-0.0021354881078547994,0.0057177460032977745,-0.003454688537681716,6.2727600891321345e-15
7,1.3406642968321918,-0.052214293303499915,-0.0347397016888058,0.0023255020951875593,-0.0011177491972791387,-0.003612405681527875,0.011828524895119541,-0.006531865759263233,0.00997621043504382,-0.01617265883033836,0.016330849172461637,0.003141149218778172,0.005702629714456453,-0.008219973183248519,-0.008819624169976725,-0.004624506837842768,-0.008959287336753885,-0.011957186757862615,-0.008813135683163997,-0.0008231691542621711,-0.009281241281368535,-0.004748195286683354,-0.0006543172917339302,0.001402780804096171,0.006582181731081993,-0.00827878987201247,0.011470213519487404,0.0005703936680989674,0.00450035825636505,0.0012335237437109958,-0.014450167696447414,-0.005283402737229159,-0.005868464898704628,-0.010445156341415157,0.007481801514849562,0.00013549023736292298,-0.0069449449869570246,-0.001149941204581912,0.0006569422440774186,0.005790789226550186,-0.0003034498984444689,-0.0059795356116042475,-0.0031733351284190525,0.005556119849441599,-0.0003723957230132302,0.0005797330884877994,-0.011231184652096715,0.004484180515483049,6.38378239159465e-15
8,1.3465508191370243,-0.06882739915100267,-0.03310622510114891,-0.007636180124744207,0.009588712605197003,-0.008656213380111133,-0.008795325388246455,0.007180040738768101,-0.004132373540967849,0.007874848815463187,0.003760704618235744,0.0036846905942297115,0.0003360589029406391,0.0028818093896819663,-0.009154239031055944,-0.002194959329325008,0.00223357139541136,-0.0045806713530339715,-0.014642337532675964,-0.014376936937171347,0.010880649538526743,-0.0013079232504941696,-0.008557547812026556,-0.00040919084450985466,-2.999966236999496e-05,-0.0010341644108319281,-0.01277626211558025,0.014962801952131288,-0.013762732650022286,0.002423464030705369,-0.0030530911611602596,0.0016966278358983566,7.741806548033914e-05,-0.00014977091979970214,-0.013492537493231094,0.0034680626550585014,0.0027069644756182454,0.009764243343434151,-0.004066042196014363,0.006419224917329602,0.0003889470982076093,0.006777847645954016,-0.00475259225940261,-0.005334028061749985,0.006986958510363683,0.004619557153115239,-0.008237459169926575,-0.0008215280936769709,5.88418203051333e-15
9,1.3301731084989423,-0.05889499677338694,-0.02250986741734451,-0.002617088967230785,-0.02020487342688071,0.011674544510772655,0.0004398426159664126,-0.00032729454426516646,0.004306973471843556,-0.023213714205440272,0.0004881391573747784,0.00493610977104586,-0.011849278291594434,-0.0028220425202033494,0.004997231517892109,0.0132893740388621,-0.000700265459249394,0.007686773671728986,0.009303919410755923,0.004615944130540006,-0.003251117662811387,-0.0012504477371330092,0.013603557274245226,0.0004496621185187122,0.00013435330733557738,-0.010394468338740026,-0.008072380267851398,0.009125623669782312,-0.005864002848678024,0.0026859391929062726,-0.005606095403919431,0.009652250055238343,0.004956533291478493,-0.005309763435744491,-0.010017471101429587,-0.007388304686685776,0.005667897632566032,-0.010244639537850504,-0.0013999399305089089,0.0019651676941730978,0.000986146947791089,0.007604937188436245,0.0026534721240277226,-0.004899785427442627,0.000644506876278983,-0.003280874657614785,0.001771462970022064,-0.005840865547007468,6.38378239159465e-15
10,1.3395485444463102,-0.09316485369133343,-0.012751018866052899,-0.03153959124979089,-0.0031653094864960707,-6.519468579835319e-05,0.00534998737090886,-0.003074814423833949,-0.014686363806446334,0.0060483329080915915,-0.010079290585252254,-0.01978968645488044,0.01401408696293105,0.005571075601127795,-0.008377288273862415,-0.0028718377768791603,0.00031765901009928044,-0.0023841779308638733,-0.0073294950394076075,0.008114663618228102,0.0014307350887086123,-0.00016722287523679435,0.0015461493370485524,0.005357860533344638,0.0024820737018950156,-0.006559926204807276,-0.0016481965806770527,-0.012759273286534256,0.002838859875483296,-0.005153040085271732,-0.007575254407393095,0.010491500366955231,-0.004930643384244426,0.00617526627672535,-0.000967016959422029,0.0017963972330068412,0.0018146617729507541,-0.007284646069102559,0.0005588213453719959,-0.004592022068421575,0.003406519275123726,-0.0021628832003058873,0.0015320818913066026,-0.011825872583332453,-0.008028970185182671,-0.006301885809952501,-0.005594647162829203,-0.006268194756466561,6.439293542825908e-15
11,1.330813902582855,-0.06474440238455337,-0.010313359653579823,0.012348544787410098,0.013644504819698255,0.0013965834576019631,0.009549921278699802,0.004215707505646371,-0.002849193338327727,-0.005577382949840226,-0.013468669989716187,0.0059149924759484,0.0036952462525048357,0.0038868980164983302,-0.005874422240150112,0.006558599945929,0.01404511721558599,0.005698325285957151,-0.0072603486992208754,0.00071283969190028,-0.019055363346130783,0.0073943052195536985,0.004628743625304743,-0.010201060834088449,-0.018739541907620394,8.392786046979017e-05,-0.0033033869873894117,-0.0032452284098674067,-0.007073791479846631,-0.009933112037623593,0.004587012265125701,0.0020297533689767056,0.00450297161105917,-0.0053876111000180915,0.007162280474702021,0.002026523007446046,-0.0015047057395700114,0.003226843238745395,-0.003970113518912521,-0.009277643928612966,-0.009276760722105148,0.002072828445303765,-0.0017057504260642453,0.004976271152652645,-0.006294024580834945,0.006740248466525989,-0.007379736725092179,-0.0007647668782642114,6.661338147750939e-15
12,1.3405349720156614,-0.10151642592805743,-0.002181611422933827,-0.0271822417598111,0.008615167247423727,0.004241245559862605,-0.010980201695330871,-0.023242764005753314,0.0010807690597289255,-0.00307654546610836,-0.0019090745325298641,-0.004586883472570968,-0.001181309592901858,0.011566450799272987,-0.0020207346556648798,0.0008454774820348954,0.0027639668752046376,0.004882571436303107,-8.812476226627286e-05,-0.0018892139286750265,-0.0005724883374285117,-0.006345345654791723,-0.012970691178731952,-0.016063807584702938,0.003277195083409401,0.010065515214989107,-0.0016663143149135973,-0.00029585555025657406,0.006836893798196714,0.0028316534915989733,-0.004278217248109839,-0.004456078772936689,-0.005180780312145972,-0.011629247170867857,-0.0003570893178724832,-0.0033640175733781197,0.002766824204977536,-0.0064407029254185365,-0.006982916699340258,-0.00477966724847656,0.0007608216076820107,0.00721368957967905,-0.0013205455682624434,0.010101267949197412,0.0015985093346161383,0.00215324900648306,0.0131316754010522,0.003147663458467509,6.161737786669619e-15
13,1.2940116113823728,-0.028018761980425744,-0.002745517904385597,0.02360937663514484,-0.001893441509214,-0.0041347311030222045,-0.0005019225731268673,-0.01598476244578806,0.010471245416603492,-0.004478945107118104,-0.007352570730958741,-0.0021143235791056814,0.0027634217245209314,0.00848276321784458,0.006651099051588449,0.011020456648265786,0.0009869022092630075,-0.0005621884486476381,-0.014252825887504206,-0.0041827014446331745,-0.0010004355620744088,-0.007184086163077474,-0.0015872861018282336,0.01319183279300895,0.00855979134126722,-0.006139165905285959,-0.0036099495096715284,-0.0076113155335557625,0.0017930889795949867,-0.003312498248971396,0.0006403883502660301,-0.012032278747613867,0.013445600982150419,0.00730902077492479,0.00536389287212824,-0.0012520912212269364,0.01024261317225611,0.01409095284390163,-0.0021894207052035597,-0.004657401806050898,0.009290935379861198,0.003508346913717153,0.005073978257481737,-0.0003464477362242757,0.0015340334577976233,-0.0071612213415952475,0.0032390810326803354,-0.0008122859934931448,6.6058269965196814e-15
14,1.3012743215666023,-0.0684876949477271,0.007312646860300198,-0.01235872754272016,0.01162929397265522,0.008953818736910257,-0.00506235212416839,0.012541249254294451,0.0020483605219036027,0.0019728135510501676,0.003703772929853466,-0.00044445757500299887,-0.021949761910677434,0.004489658665965179,-0.0028791247690262978,-0.000991792430961036,-0.016085793153435723,0.019004505958522544,-0.005139633734845939,0.004791933329959752,0.002003818753135822,0.0018309105683441684,0.0010675963050530424,0.011502524325892605,-0.0021621322957997013,-0.006800808401977054,-0.009478988391501075,-0.012859503152968799,0.00903011497060427,0.005411538798867022,0.005596476832576136,-0.007431335593730326,0.0031423237858203557,-0.007936850895771785,0.0015936334091213311,0.014103296130830556,-0.006635815240582488,0.0019763925051328145,0.0032972155028816452,0.00489761874844119,-0.0027730054333201803,-0.0022099769067605024,-0.0036005533237427056,0.0019504658842919298,-0.0008143460132395419,0.0020384407531715,-0.0003318044158957534,-0.002328983307189114,6.38378239159465e-15
15,1.2784012706560082,-0.042873545942091695,0.018664039316337533,0.010094474410769827,0.002967132166906694,0.032452083979071844,0.01446278118107669,-0.0018669559166601957,-0.013032037526947149,0.005408203997549599,-0.001706979287521837,-0.0016753768144022185,-0.00023869347296745502,-0.016120649234759754,0.01172526790324846,0.00029422354156316555,-0.0015215711693357115,-0.00012025422083683512,-0.006282430065632116,-0.005119211265186108,0.0009294629113891784,-0.01311011442654525,-0.003618173835795435,-0.01231304227081853,-0.002309495786890159,0.00542360480764259,0.00019735905074991233,0.003902555729356827,0.010052899689469624,-0.00862736279215115,0.004572953512867628,-0.00629103435313122,0.004563471590129042,-0.003068632019505857,-0.0038710417259910646,-0.0006777562754751165,-0.0005378598338367513,-0.0028511132067105087,0.0073358794022693186,0.004088381280207498,0.004342673161894822,-0.000837916535154859,0.0001953089855802892,-0.013813104825370015,0.0038814979556103246,0.0013150067541062849,-0.003863862215191194,0.0061682329055349205,6.661338147750939e-15
16,1.255324298330614,-0.03805388968874457,0.020835489088599335,0.020419352444293715,0.008514719955101668,-0.010280162397646286,-0.004850080330131679,-0.001860114491220255,-0.01695461869589987,-0.0006726069172797722,-0.0016932746028961443,0.009961001401464165,-0.003302770173930547,-0.002395601058646668,-0.00644788320698253,-0.0004075588567318267,-0.005916994553480048,-0.0026529364778983267,0.0024318658050273,-0.011619583243881237,0.019216807118579315,-0.00987129965470629,0.02051583597521711,-0.0016772204512511824,-0.0004900699804574749,0.010117846083649795,0.007172932520156938,-0.008931289288494515,-0.0039014279672276164,0.004418743861633878,-0.013690434180621325,0.002213739111164903,0.0050772917124488615,-0.0016907616368516676,-0.0001713619469987382,0.0036341524249334234,-0.006839231351643549,-0.003137430747681875,-0.0026475237757952463,-0.006333874159201169,-0.005974019424029392,0.002631317310547776,0.005972228748841346,0.0010675583763943841,-0.004571660714373038,-0.0035142749693568565,0.0031626103213473478,0.0008499318221333318,6.8833827526759706e-15
17,1.2242003442641296,-0.016944587101789033,0.018602169552415226,0.008499519736137273,-0.0013922487347866053,0.009952060124524209,-0.0014247000721074876,0.00521182358989547,0.007140151147649987,-0.002479747316679326,-0.007116065092017454,-0.006761674272426688,-0.010744226085207531,-0.006424014618098939,-0.009548361988097831,-0.007633941297191527,0.006863389407034681,0.0038435597269221855,-0.00572147159466363,-0.0007973794463669304,0.01014196716331317,0.009657494314553094,0.0024474452145062386,-0.007027129477903404,0.018511180994258858,-0.009732217635711304,0.0011630174504486668,0.009965410853425505,0.00594243392237867,0.006229784539148797,0.006763543174832187,0.008014075167110946,-0.012486569164615435,0.006375684747368299,0.01052170006127906,-0.007198657712255863,-0.004972990978570624,0.007758496801427286,0.00475846679841796,-0.012856250100750644,-0.0036840330502007357,0.007119202482426701,0.003279287635611805,0.0003624264171107061,-0.0015449625793478305,0.0005486889018122554,-0.0014088564556251626,0.004806771676066024,6.994405055138486e-15
18,1.1955606080530057,-0.017010300884548357,0.016883885518736097,0.009212646347931397,0.021872911269717576,0.006375570330312996,-0.005122735790307198,-0.0013118897992725476,0.011104119506669119,0.010253017787450247,-0.0011800672173876148,0.006185866743184887,0.01593200425272534,-0.0024871228303606774,-0.0019053718349710813,-0.004788349527918401,-0.010084212563597816,0.0029388890372646914,-0.005295842828845876,-0.00013555796805286846,-0.013529456970952536,0.008299437300538559,0.004273819118960187,0.0031120242683735366,-0.0013433145813563363,-0.010515281101620144,0.006964931971421451,0.010677330260778994,-0.0037950395594031627,0.008191237418652686,-0.00037848097653181423,-0.002375345804851603,0.0012326218789215915,0.012449348503986185,-0.007379796352761869,0.007361386643412571,-0.00023974667120962856,-0.017887799171419905,-0.002238076495804986,-0.004031356860568769,0.0008784466205946917,-0.00129799821252774,0.0015390265775354073,-0.002045928466942737,0.004774726819460839,-0.0005968098719649761,0.010762863956281787,0.0016991125347318725,6.217248937900877e-15
19,1.1582026368105673,-0.013018852928261992,0.03297711772741674,0.007652825333054558,0.0004813833996575312,0.0154345587886624,-0.0017993987234989905,-0.0032692599996171356,0.0038827270977270234,-0.004657040031866622,-0.012559873006082745,-0.003166527872103253,8.514085190380882e-05,-0.0009780615307474205,0.004845496455241793,-0.018295462368709825,-0.010650825675815767,-0.011540215604238901,0.0030458155034190915,0.011896871460002734,-0.0007584534977084223,0.0032956803556891123,-0.005560728073396248,0.009687909724580779,0.0007707939868746849,0.00855252824135011,-0.0013337757362920089,-0.007243457718503432,-0.017904024040399508,-0.0030888745639436888,-0.0053539086776999145,0.001955094648504241,-0.0001449438397667091,-0.003878279401311413,-0.0033633049169965457,-0.010988290257384237,0.0010761763319774853,0.005712401009664778,0.0064520196951740605,-0.000391053492289517,-0.008706599856625585,0.0005551194206226961,-0.012668677756844382,0.0034144756618814665,0.007705196862861641,-0.0002910707725767847,0.0018836604658429845,-0.004944723486312919,6.2727600891321345e-15
20,1.13513634216329,-0.002391957872864836,0.026526522045271506,-0.0071776398639524785,0.03427384596857408,-0.005855614296309319,-0.00579247004028649,-0.004079102992886385,0.0017592558567754435,-0.012345391903348268,0.010718430105200238,-0.0041950023826023974,0.019319728438687456,-0.012021208805215622,0.006445084255126909,0.004309086910045723,0.008053252868694738,0.0015546328774654894,0.015694223721081313,-0.0022752827424246114,0.009094337405318176,0.010900365785427135,0.0035806798595250378,0.00250243191456323,0.0045576303581605915,-0.0022690746038718235,-0.008258391205519744,-0.0011266257157593884,0.004038503618572192,-0.007171488804499249,0.007226520968561134,0.006467921815865363,0.0018750469943236148,-0.006288444240365343,0.0007503317401922338,-0.001414386786510624,0.0023226509186557998,0.005110052148711037,0.002611859842652553,0.009758756761725995,0.0009423961624357435,-0.0035524242265864148,0.003868011923419401,0.003545665730269043,0.000895175393884784,-0.005199674650831376,-0.002270819140743896,-0.0017717762756033206,6.106226635438361e-15
21,1.0809683632037215,0.02098931667275039,0.03298386926277086,0.022822469996591543,0.01113872410729222,-0.009807591180142516,0.010078020875379456,0.014713097371523931,0.0010374440150664466,0.00616933014862564,-0.0030987797415048535,-0.0030264655584537614,-0.008647089065634272,0.017827039107497722,0.014759829951060066,0.0014086257519259071,0.002753468472204812,-0.00795228133903858,-0.0013790176113206432,0.0073224963898983475,-9.085601665259624e-05,-0.008385029937892863,-0.00286382366982485,-0.005942504762676881,0.006639653025107717,-0.001223702037244756,0.002201605712711774,0.006063696954306863,0.008996711465867363,0.005335051641847444,-0.004127171005871011,0.009097633195044086,-0.005353439340459953,-0.0006053267996036504,-0.0015303709310272584,0.0012366177285884628,0.013696457697194186,-0.005807885981106212,-0.0064888246714605025,0.010019019818401254,0.0005968325522335005,-0.003853003870982752,-0.005299314490630758,0.00614061031549884,-0.008663227195169043,0.0016489671523115534,-0.004467317513199176,-0.00556139294204272,6.994405055138486e-15
22,1.0290853442158263,0.017191245619361695,0.0380570259636237,-0.010037003945555512,-0.009932546221929073,-0.00499277271558185,-0.009975920029865692,-0.0017629886950687457,0.00045080091760163477,-0.006190294430624688,0.0037126829507165837,0.014410112969571398,-0.00590051527914115,0.007646004594069056,-0.006069500079153078,-0.0005486279658714066,-0.0016068514630593889,-0.011796362751822831,-0.01355578336284935,-0.0024350784453135432,-0.00014179068391118044,0.005425892722968506,-0.0006458346098079382,0.005013781586160948,-0.012649489428697425,0.005873200783016896,-0.0036319103012208975,0.010066004083341795,0.0035773612828285672,-0.005636507034161631,0.008008002577602369,-0.0064226243342330736,-0.009553403327124954,-0.0024758055524689293,0.0024909906713712626,-0.01060736642420812,-0.0006201618426227018,-0.000980594398025978,0.0026978183363564057,0.003865513484439309,-0.002706716076607968,-0.013578490297283308,0.011190556062883272,-0.007888203529344162,-0.008363469284811187,-0.004805499638761868,0.006208656423021708,-0.005213789142219927,6.5503158452884236e-15
23,0.9373499840522441,0.0632592383178876,0.035212850274082275,-0.0013963777849745895,-0.019601783951111784,0.010067401520526431,0.016695896469859584,-0.0011088976311379728,-0.003419978774463872,-0.0020754659168780165,0.0019382692552560865,0.005890962494602969,0.012210560611598087,0.009688665550871556,0.007824696224420169,0.005891906133069225,0.0019383993306387737,0.004859014805981499,0.007354982319059067,-0.023011858911434535,-0.0006556001814433943,0.009376458911304175,-0.008722239084294259,0.004972495520295883,-0.008092428737416502,-0.0038085879431893344,0.0006557968331395436,-0.009231111211088994,-0.000928062488571052,0.015554413202454098,-0.0020845551248244165,0.00167407753354204,-0.011352898237482867,0.001511088295775953,-0.007944573373289132,0.001434584917211268,-0.005833159041211788,0.00544684802616895,0.003071685249917522,-0.0010976101832085305,0.0062604737646345665,0.0020060191070263578,-0.0020415876287195878,0.005269808217766014,-0.0033045845953029174,0.0016610494804367715,-0.0023829724673308794,0.0011916329573179452,6.217248937900877e-15
24,0.8768894404353673,0.0555837314876273,0.03212103733984906,-0.01027988585293027,0.0035588002107331818,-0.01617353213931949,-0.010549532833030062,0.0028257192233729356,0.006365609450532772,0.002281738497716068,-0.012572383762956219,0.013965813764694857,-0.009023239678293438,-0.003541339993283543,-0.0029879169358812963,0.012761691511779527,0.012838433872770061,0.002107395761704711,0.007555994177969039,0.006268203334291345,-0.0033864699913390695,0.0015457910230388117,-0.005360040356015006,0.005962017538464703,0.0014155452548150205,0.00277252204126488,0.013125994224032822,-0.0018004718589081925,0.003844328132138114,-0.0036519568313830852,-0.008622094014227644,0.0017182479042593957,-0.00020079635953607067,-0.0019305798533303387,0.003068439180844984,-0.001220557684068313,-0.009798688779529163,-0.00032543563565628,-0.00208058471091066,-0.0004522848990339279,0.013619947431875778,0.0009274374877984437,-0.009945534427612535,-0.013618409989224922,0.009999905188717462,0.004298399054576296,-0.00380903373244057,0.0016082511613991768,6.5503158452884236e-15
25,0.7797738539150836,0.08967087811191288,0.031219255566905746,0.0026538331946106553,-0.004140239895891185,-0.0040232423584258825,-0.0013039464562589753,-0.006066550907381174,0.017238593060682983,0.004300442410811067,0.013511599280543574,-0.007265109979130324,-0.003357220934223193,0.001991932242004335,-0.014541840080014135,-0.0024105877430836697,-0.014666790299037835,0.002593894865866253,0.014867834006735858,-0.0012885486413181102,-0.006879183059767757,-0.012425333589856202,-0.009309678648172781,-0.0013264797056140587,-0.009756385530249545,0.007295290281469191,-0.002559797741264136,0.00041639390688619216,-0.0023325568438297417,-0.006828961231737263,0.0005188054605116399,0.011072438301924226,0.0027099430141308556,0.009070866393936033,0.006044879891342059,0.004190083066661243,0.004778586672610441,0.0006257382008938196,0.002310281617353027,0.0004281115679737324,-0.0006165927446212249,0.011442825076413143,0.010744331904128657,-0.0036807888675141065,-0.0026036991737646287,0.0037791590827987998,-0.008481366465422524,0.0021667384476596885,6.661338147750939e-15
26,0.6968687583019115,0.09466648422321633,0.03276506226944065,-0.02063921571011207,-0.011116434618879012,-0.004038817329816702,0.001789969889663956,0.0009734146730711046,-0.027467675778558465,-0.007017816227398832,0.001634801954909948,-0.006996782376036514,-0.001744648861254694,-0.00012161084790185406,0.0017119958684783665,0.0028776294078436404,-0.0065000231222431815,-0.005531770576410078,-0.0008011393284168555,0.005681478761175862,-0.004943162654682087,-0.0034886401225195374,-0.0033587454516021964,0.003538804130836737,0.0043513993697253395,-0.007518705451184826,0.009513313558063952,0.013896881298537389,-0.008293562609570787,-0.0004953857680036755,0.009415100889599348,0.005749787781964055,0.014971243490383257,-0.0004925084860504247,0.004095316253711068,0.00805466691208373,-0.003417096317026247,0.005872767268795192,-0.005998292338503575,-0.002849425334001787,0.0030186108404572087,-0.004750252818420675,0.00263974912416326,0.010700791261250453,0.0034647910199470666,0.004149674725697938,0.003088749571693361,0.0049021159884447,5.995204332975845e-15
27,0.5539866929678094,0.14522023192620725,0.02467233694448323,0.0005490241778938199,-0.01609390311063308,0.00282493262739969,0.00986929642676504,-0.009310195476165184,0.00826047667733082,0.021109973907232682,0.010290838888449949,-0.011244384766514126,-0.0008727817966298623,-0.001542452495132074,-0.010372320184999895,0.008566053583267341,0.01784917228470828,0.003816292831859358,-0.001221184078843418,0.00968601558824611,0.002527512303324153,0.006388763156086663,0.00436659700175257,-0.003340402379860441,4.1898482255164904e-05,0.0024730054504774612,-0.0018418833227838993,0.006346099013393003,-6.512193476190808e-05,0.002471068623287054,-0.00903234988849938,-0.00806175560175948,0.009149868567025043,-0.003422140865785489,-0.005305803071845472,0.004540064532775667,-0.004640777867316592,0.0017243702623797492,0.0006155856727594333,0.004349958963288936,-0.012926953657269147,-0.00331750408738829,-0.0030295560627147666,0.003599262123188396,0.0024996288407680423,-0.012392408116931097,-0.0006001398953624504,-0.0017684711422331079,6.439293542825908e-15
28,0.400626972799941,0.1569709802953856,0.00917008008032516,-0.014377871546987109,-0.001947182232699518,-0.0032152612097986477,0.0037405034810065185,0.01173421402164232,-0.002569307927567488,-0.0016326494092429034,0.018750891111088408,-0.0047094038350029566,-0.0036034957263682,-0.01001840973755308,0.0026467595959351886,0.001983221402880986,0.004140126903631192,-0.012587259997118183,-0.005964166711097785,-0.0019082158244181358,0.0012563307548868474,0.00502496350459869,0.011924513778844625,0.002117860145881445,-0.004812025598569081,0.0061140672981842,-0.010501288308297885,-0.007685814309397632,-0.0017848804624973902,0.003343290580101743,0.0024965545681898127,-0.009787950373183474,-0.002049254280331203,0.0066979483104930015,0.011674739861987193,-0.003336653188659111,0.01297818642284998,-0.010417437501282736,-0.0038163212731172624,-0.007357472759057404,0.005623322950787046,0.008590534011163498,-0.012922679365625911,0.0010076570643346994,0.0024187955922468363,0.003535943471113079,0.001825324759985758,0.004791285141847235,6.217248937900877e-15
29,0.22000198522759873,0.16481175578056995,0.00953928341678667,0.005417746895889586,-0.014483680624648443,-0.03038358293067489,-0.005296270508741152,0.0007157056629700786,0.00040286409586587357,-0.0018730095006660452,-0.003436176085552467,-0.011320916210041054,0.005427960567388368,-0.009655754792616933,0.010862099521193214,-0.006719802351916382,-0.005723816911047397,0.024394658175812434,-0.012292661493396362,-0.003250360953094278,-0.003007320703552474,-0.0005945239196905594,0.004568360632353219,-0.009843051756958765,0.004280818405086151,-0.0008415603493303614,0.0032278594180586984,-0.0021086590459122867,-0.008753378825943486,-0.010390202524762304,-0.0004275144523443464,-0.005143650719810322,-0.007619487477831477,-0.003028477174686517,-0.004135722466527714,-0.002103493066730744,-6.699437345153436e-05,-0.001748811986508527,0.007948923157585774,0.007293412016657674,0.0009730283262444905,0.0016040451604437678,-0.0014734496154926169,0.00017339710690578158,-0.0038030320567506437,0.005721506361663797,0.004060835539339891,-0.0009000281566746704,6.5503158452884236e-15
30,-0.03506664587378516,0.2151354983329954,0.001041214739194718,-0.008246909915961886,-0.006896737712533962,0.0009741392911042368,-0.005685541552721274,0.0009107061049493659,-0.00011606053131735239,-0.002089639372920171,-0.0004848148853481282,0.018901581996023098,0.003931039271290793,0.0062302075684408376,-0.003404893392324082,-0.016385852915018262,0.004883642016261902,-0.009331928101308673,0.011447582031008818,0.00626227739720342,-0.0005862004081845784,-0.0039864227232207505,0.0046967013278362835,-0.016915537314938778,0.008007161757557502,-0.01475273929999199,-0.005487200090976585,-0.010337517304820354,0.005786271427681372,-0.003552548269788014,0.0006125338945672798,-0.01149046784419716,0.002839203729729345,0.0025474691273698336,-0.010159193827387947,0.006630537408385817,0.004735283365198573,0.005167997147337473,0.000958866122289459,-0.005456465652082576,-0.00154740730878275,-0.002650339655458467,0.005219908007769503,-0.0016878493066629918,0.003352752889235089,0.007698422699189744,-0.002650629377481284,-0.0052646405284670905,6.494804694057166e-15
31,-0.3454419626313901,0.25911898223715557,-0.021294031931753388,-0.012820004536898466,0.0032437572656967006,-0.0022483767607450744,-0.00366346846743415,9.336796378156542e-05,0.0038350302562196736,0.0021301928805905757,-0.00847510196574286,0.006516532910192718,0.009218419087088314,-0.008063407526198052,0.013973978729807213,0.0027838020276287345,-0.003066733161020796,0.008758561220190475,-0.0019482594412622012,0.004467721070710695,0.0059922215221066555,-0.015255824889068292,-0.006082184713988026,0.011016922757362435,-0.004704908999655977,-0.0007108046037458959,-0.0001311558136537494,0.0009348267114317466,0.004582206361763347,0.010549043958617221,0.0049062448441317685,0.000318037056693643,-0.0025975158075959293,-0.00065896077897315,0.0006766859569982131,-0.010193340097376269,-8.420217425786358e-05,-0.0016680927819189804,-0.012657491723079506,-0.006824667731064937,-0.017903213666646767,-0.0021505690737063654,0.0027820882495531163,-0.0016990231933313726,0.0006602794847394011,-0.0022008604134522436,-0.009200872874263077,0.0051401661595004144,6.661338147750939e-15
32,-0.6832704268509594,0.28733638904047343,-0.03286825907312574,-0.006473852107956368,0.011633403913000606,0.002074151437112981,0.01872762841906339,-0.0037994155392855333,0.004552347153384484,-0.007828953366413538,-0.011576370492279331,0.003221173333459726,-0.013884612098743254,-0.01004160600093218,-0.009176470951824056,-0.0020638863962572085,0.00245909017054613,-0.006361822844180742,-0.0064936996174495,-0.005405343812525443,-0.0015017897659490576,0.005377117767948525,-0.007305092473950836,-0.005212789281147323,0.004086465404427586,0.006574357295065503,0.005200674275688044,-0.011394429419591345,-0.004660647338213447,0.0058532052648165855,0.0078551536462379,0.008731859693101085,0.004544998225658015,0.00579664162774568,-0.0025002380433357674,0.0029979683174047866,-0.001749589807267915,-0.0014264490144310325,-0.003894436471691076,0.014798114232697612,0.0018528024606635773,0.0015844799923450115,0.003960105550788018,-0.0010462959913484227,-0.0033911437003260603,-0.005774352957618856,0.008920618939712854,-0.0024242265855809464,6.439293542825908e-15
33,-1.0267687667240386,0.2734796062569238,-0.033455475929706324,0.0040567708676686465,0.014357186451247728,0.005174357420258069,0.005765751762441651,0.004767512365496662,-0.006612654447705979,0.011991875821182552,-0.0023336663162638605,-0.006860322920851147,-0.0022441241156205827,0.008351833617546878,-0.005088876038748413,-0.007137899140401527,0.0020281795954271153,0.0027277889232514285,0.011712088843370827,-0.008924246149350834,-0.01233261020509957,-0.005929282338010378,0.007821928615761697,0.012220918392837787,0.00231172167640592,0.000362074606348628,-0.00589490149155425,0.010622899164575816,-0.0005462759702115905,-6.918529140698126e-07,-0.008087152434364364,-8.478029430492029e-05,-0.0030439170231959523,-0.01571645259714219,0.005096796599312281,-0.005707296789404237,0.0018062343872408126,0.005199972818616203,0.008498913211443915,-0.006119456331370787,0.008384591647077527,-0.0036792370903704352,0.002495038453688314,-0.0032812397579398134,-0.0023277057078033847,4.491904708725514e-05,0.007819001075596299,0.0007996710892712589,6.328271240363392e-15
34,-1.3016607729623235,0.19641981563826594,-0.02381612202768757,0.010716706649191998,-0.0014658577174859744,0.01193934025581811,-0.01580615643354122,-0.0041135619392402845,-0.004525390082312564,0.0011064417467669951,-0.0018721478347070164,-0.00025662934734516085,5.633090646983696e-05,0.010530307322803245,-0.004542452380192907,0.008251018127664822,-0.003089364494497815,-0.0013400227336451964,-0.008657585103217236,-0.0008107480042429671,0.008676104322008493,0.011230072536982216,0.0005955005924143109,0.006296392903621273,0.0004927975585814481,0.006272621669557887,0.008123531650372606,-5.072983398513031e-05,0.00846824916902536,-0.010235507003044764,0.003989383781938194,0.0032567631661655216,0.0030324432407036195,-0.00017980740593975808,-0.006918236063663485,-0.0034899089024159613,0.0006945969053959722,-0.01362183379170111,0.011193850564586771,-0.0014180329414444914,0.0045052520063302015,0.003364329667071564,0.002645376018007739,0.014454327735317296,0.005853540416910774,0.004062440005999313,-0.012927112169552224,-0.0026682112878910758,6.8833827526759706e-15
35,-1.5462258115504095,0.12357838219587514,-0.020186623690608307,0.01581099609579706,0.004096247566025113,-0.0010712945402193697,-0.001282847421318234,-0.012179284715398975,0.004350837336822733,-0.008763840585312987,0.0025943439559656944,-0.010367339281845633,0.0025393553126933366,0.011950545713789729,0.009979213384589514,-0.0008959915819938269,-0.00786107023553706,-0.007079114336521752,0.0015817956549587509,0.013768816348920021,0.017362825083065747,0.007025691961753067,-0.00019354587098008302,-0.009106305487810662,-0.016619273125429268,-0.006460918278583305,0.0017201322169387856,0.006276118065206671,-0.002868415584061451,0.0030826865349520283,0.003587457375506198,-0.0018775142128935607,-0.0025014874401658727,-0.00526795727954027,0.0035683152034062804,0.00981739080732924,-0.010217443248704883,0.0031940107749125653,-0.00247456050337469,-0.0036717410518766203,0.006684539342402734,0.004515466770519394,-0.006928253080988267,-0.011278480713153627,-0.00475113028337959,-0.0023953395044124526,0.0017582529830539873,0.0017465035796663253,6.2727600891321345e-15
36,-1.7166381934135542,0.05073400425814967,-0.005480793085934632,0.008253344375171778,0.0009640386361695619,0.013629980621708171,-0.023026043223804304,0.012759549266549985,-0.0071186001795824905,-0.014612762090768117,0.005078106480547517,-0.0016470850669928483,0.004206740686869326,0.0035286777756746712,0.006014227317929777,0.010717895231460273,0.011358201574895421,-0.0021838293865413805,-0.0026233147174006266,0.004100928191516973,-0.008615760821365726,-0.00729145074192461,-0.009978515167434088,0.0002804087081437201,0.00740906309683792,0.0050855365330894076,-0.00862742550842377,-0.0022513046571226436,-0.005568689136950272,-0.000322863559978126,-0.01254055806037524,2.451828145855206e-05,-0.006792239772615893,0.011988917706247965,0.005003517672581226,0.011787172607880703,-0.007609831385608168,-0.0006132722810144979,0.007955598342268999,0.00449090936548413,-0.007861069624834877,-0.0011673792945541273,0.002425009290569824,-0.0015368983685208892,-0.0032727666691797497,-0.0018003911124460092,0.00492423838384437,0.005539186526388851,5.773159728050814e-15
37,-1.8510935403315438,0.006824689977083409,-0.007602663359611572,8.233388741540892e-05,-0.0007873812895589083,0.013210171388664982,-0.006999083317735355,-0.005580063138593383,3.45853923822137e-05,-0.002446112971490999,0.012726482180948295,-0.0029017610545362116,-0.0007516694596652052,0.0008939306202558894,9.73373363786223e-05,0.001639740480347096,-0.006770868593316326,0.011902070117701946,-0.0009011061503918505,-0.01155901195372433,0.0008740821855561798,0.009372561350808495,0.0005737986343752333,-0.006903630731679655,0.0024958179761237487,0.0041610743908683245,0.007895670191807591,0.00016230880518408597,0.004383077636619964,-0.0005136543378096992,-0.00857054575118571,0.007647509665093144,0.008317455525660433,0.00828392713059603,0.0063806220677858905,-0.004889714453722438,0.007431653957134965,0.008446199913962855,-0.01037645269727383,-0.002890843096572615,-0.004840368695111147,-0.015857349697968703,-0.009436333726327295,-0.00799668771107287,0.00010236356069909247,0.009731186917359524,0.001987678821176564,-0.010772744653064437,6.439293542825908e-15
38,-1.9164389440228058,-0.029352056290603556,0.00039481791706785785,-0.0022490984294156746,-0.005728735711263866,-0.004251617415703457,0.005919082611388182,0.008457764843520899,0.005361389635955671,0.010105774464720385,-0.004426909166234783,0.007216207569273325,0.004794565878181167,0.0018167177632618658,-0.0011293903757956247,0.012193733314724176,-0.016758286890973917,-0.004502785433955325,-0.005781964271609374,0.0011506555783247219,-0.000980436473896673,-0.0022539663130107246,0.0077381616196714464,-0.011738815902430755,-0.003974917501884001,-0.004727399802301191,-0.012448199751019184,-0.005384096048291598,0.006062309654856962,-0.009666170691040699,-0.0028583371840258387,0.01557796295879832,-0.006725681359465607,0.00029465535201556037,0.0008556350615251951,-0.0036062584183829682,-0.003731080744160453,0.007132587134619051,-0.002083174675509447,0.0005561634776900526,0.001969715444179232,-0.004892513561314371,-0.0018451083822702552,0.006859572487262211,0.01499207752046211,-0.008444486555634567,0.007243098060667252,0.007903143914463895,6.38378239159465e-15
39,-1.9672628198777353,-0.05204199528093767,-0.0009621586069483712,-0.008302709853856172,0.0014835216596349454,0.006601733008926303,0.0036930284115985756,-0.006334737360816689,-0.0071823371716148166,0.003613187719923916,-0.004501810716978749,0.014040246763005304,0.0019254466249343238,-0.014923853151082356,-0.0007449382229152146,0.005390265687238549,-0.009136039051311773,0.003994549176793094,0.002998287628093288,0.009453355861993584,-0.004401371944055432,0.000888433670870381,0.005293686059298697,0.003278415181739658,0.003274879275281195,0.010789801595354143,0.0038454182578344653,0.010842392926016853,0.0016468199630542413,-0.003228046015995467,-0.0008797910088272909,-0.007806328456954781,-0.01601997251663323,0.004137952578369103,-0.0012178540225147305,0.011535923544679583,0.007061961976344233,0.011334703204653528,-0.004037220143019438,-0.0014853793269012927,0.0047264548291100494,0.009792015793066433,-0.0027160919605029865,0.006327587081645714,-0.007552281463369392,-0.006683137857412147,-0.0036281818458719917,-0.01114825641070094,6.2727600891321345e-15
40,-1.9753734465963686,-0.07949044261685856,0.00962824890886571,-0.002306773295089215,-0.006602372582605653,0.0006752711679203216,-0.0069637472050665394,0.010952945420213966,0.0018521951257969294,-0.005080083156843385,-0.014377320406791183,-0.0033724782193663705,0.00941604297619092,-0.007332163227182775,-0.008191459138029877,-0.014770654860620347,0.001997700594033258,0.0018637676780892676,0.000494747505344173,0.002455522640718577,0.002398411091597441,-0.0006897735359147061,9.370171927103321e-05,0.0001873211877142511,-0.012066601184673675,-0.0003731385786535091,-0.007163184537219758,0.006574270575948393,0.013928791283726288,0.006881380652461799,-0.010166414096951404,-0.004725112303925305,0.016087143372242263,0.006612183989572168,0.0008660577719628026,-0.01048907644021202,-0.005220263937586345,0.0019968814800279365,-0.002766240657846586,0.010476685087638882,0.008945622215352889,0.004642610556469973,-0.0018677604035367001,0.008190610851877445,-0.009235168433764762,0.002202385744871471,0.0006688322379978517,0.0024532099722028855,6.439293542825908e-15
41,-2.002835844823718,-0.08600528950780806,0.009801124212680978,0.00017314930409373375,-0.005377633245210234,0.007836398888572127,-0.010939575547961322,0.001964266549722149,0.0011510264474379195,0.01415113496593201,0.006260810855622911,0.005256579323888677,0.0018989661786172896,0.007872363114658998,0.005764199702625872,-0.002207981819313809,-0.0049076002171482,-0.00306662645348299,0.0011663061684057396,-0.0023833129967889555,-0.010066831591162728,0.00995171798290212,0.004167372576406425,-0.002136202216459049,0.017902786418942718,0.0020196014303126564,-0.00039349094146934327,-0.006951158210189323,-0.009443005243868846,-0.0027562258947662066,0.007699589049352251,-0.0014895413093708454,0.005907405675665389,-0.010170580843404609,-0.00033308741508331074,-0.007479168392539204,-0.007006772302058983,-0.0027110982231038465,-0.014480542608496627,0.005267829687746861,0.0021942544164499367,0.006860715009816443,0.0018568390742728091,-0.005964814693767417,-0.012099515207013689,-0.004457957986683803,-0.007278699008478107,0.00880208992815179,6.328271240363392e-15
42,-2.00229229574785,-0.0936448175209792,0.010350729214136933,0.00860956426575843,0.004559729161368153,-0.006892201423173816,-0.003940531648299439,0.005652451492059507,0.006402416934885524,-0.007443096065590238,0.009997539215305884,-0.009105715683070836,-0.008177848316714087,-0.010012008036093811,-0.0010920282211914767,-0.006482003316248486,0.006790737894671217,0.0021049704492693833,-0.004140372343483856,0.0013382030286199775,-0.00619034237834426,-0.008714693475502966,-0.005590937162927467,-0.0035254524835858225,-0.0021153853422021807,0.007045514422914234,-0.002585430211925477,-0.004235107860545595,-0.003859227071513621,0.00679255021086822,0.006016851330215456,0.003104017420014593,0.0005742814017895004,-0.002467043969428845,-0.016556496716602975,-0.00026780435109957645,-0.003901717176168773,-0.0012418331044900081,-0.0017332907173146506,-0.019024129388439226,0.012630635532153378,-0.012412722627979211,0.0014937948118853295,0.0039215439771831395,0.000297016874531042,-0.00963422803969538,-0.0059825594070938015,-0.0037701657184451287,6.661338147750939e-15
43,-2.025884829113153,-0.0991666296277618,0.003219033716240993,-0.0021642353040309814,-0.006068290425734091,-0.0007783757052806095,-0.020235801656806274,0.002510739717174193,-0.0006893866107015034,0.007657022717349804,-0.0036386002701271902,-0.004839123678622159,-0.0055479859016351885,-0.009571866955548125,0.00455875599118194,-0.0040910587939644305,0.006313263106342948,-0.009552054855186731,0.0014337154598837998,-0.016412126587046716,-0.0043266144000799756,-0.0033814546037744253,-0.00439620448903133,-0.0015400344101337282,-0.01134569036654004,-0.017567263708468728,0.014047938993478892,-0.003951572693748684,0.0019270752645454137,0.0015159174231461625,0.0028388468050559723,0.0028854880205662625,0.0003075304341870755,-0.009957283146227652,0.007513521413559432,0.005477705131019195,0.010198091398237297,-0.0010902189064081087,0.005443727464089498,0.002519648009463471,-0.007372833576122395,0.0074563968373878575,-0.0019761555013671495,0.00010037726306810768,0.0034668235088053945,-0.010675212412259438,0.001374920570889393,-0.006310284217605044,6.217248937900877e-15
44,-2.0220161367664886,-0.09946143668901186,0.003762343536386048,0.002786137154456192,0.011220664009075065,-0.005269591835348919,0.004880534361898059,-0.008648208509286492,-0.014787872430304105,-0.005527553410239472,-0.0020179686929000518,0.0010781661404110077,-0.00819714792130477,0.009565154803382714,-0.015060389935376506,0.0037559867885597065,-0.0013386091579596915,0.010562056919615315,0.009878720366149008,0.004102055103207158,0.0014672841023442018,-0.0007609645334014092,-0.00038278000935010326,-0.003671814458909073,-0.003045747537771426,-0.008096915497724622,0.005029178607203533,-0.0017136634241035065,-0.008603429758298003,0.004661824812062454,0.003452477461961978,-0.01123861443031382,-0.005107765763308514,0.0096268303300521,-0.0019718963047896665,-0.010704792696496601,0.012665694953122808,-0.0011302287837841006,0.006563223459219447,0.0067964482484735855,-0.0020421694255483847,-0.006669781345329917,-0.005051844720422749,-0.0016167268818731984,0.002037737093457004,-0.006509264119573865,-0.005967304652283678,0.013776950628445195,6.5503158452884236e-15
45,-2.029637450129555,-0.10346920911702373,0.0021777864172154437,0.0025343599269458394,0.0036618989842658323,-0.010528873645227144,0.013249518492630008,0.011273792722048759,-0.001189059146850635,-0.00487576037807913,0.011390873950008817,-0.002410458753141498,0.004829703438814281,0.0005979302595182645,-0.00562961746756363,0.007439827344762562,-0.00031052480437709917,-0.00515965481610392,-0.0032781247546083137,0.007271562271400356,-0.0009573234875699388,0.003389666060178209,-0.005066950860755259,0.009175333628218207,0.0018344169871012395,0.0011886116086813336,0.010423683565504271,-0.003085011946969196,0.011928429122458756,-0.0028950291246473414,0.0016770279363492735,0.000982031007328521,0.0031023249626802585,-0.0055014584764431496,-0.017548336037436885,-0.004189647748462977,0.003507127266896559,0.006710495158791085,0.00486316221152272,-0.005775917996227453,-0.011552783813536693,0.011789360247243197,0.001006111719513536,-0.007078039078231901,-0.0033753498337252275,0.009215507569676928,0.011936920308275534,0.003962818860563488,6.494804694057166e-15
46,-2.0226684777254182,-0.10592123133347897,0.0040695408351609785,0.004879887139805028,0.00424217431426932,-0.006407732069069638,0.01560328243898157,-0.0015677797092925605,-0.012283932881684667,-0.0005069136177016098,0.009583029499400597,0.0007663931127129819,-0.0027269513424732494,0.0074914149427561805,0.009447825849282054,-0.012709908788390512,0.006530069407051808,0.006971848113035861,-0.004007777860418726,0.005726387660786925,-0.0027982753385280557,0.005077055870128799,-0.0020441865136193726,0.0018447569344614,-0.00172944316764706,0.0016298796296093654,-0.0019505093367808701,-0.0009096172546563253,-4.736275047170779e-05,0.004096986107300249,-0.0046644247363930025,-0.0027653804106027025,-0.0029070649527451753,0.002234980676219994,0.010092478083095102,-0.005111223827250488,-0.007042858842469246,-0.0036460863538272,-0.005323216647732165,0.00431574298168369,-0.00016684806568428856,0.008648488537321697,0.016453644947006574,-0.0020820840858344347,0.019256233655359223,0.0010241784161264533,-0.0023363729917798004,-0.01036262684881617,6.494804694057166e-15
47,-2.029066117168262,-0.10822656364164462,0.008830685383821812,0.002442738549363277,0.0003535132523850848,0.006822326333032258,5.953313437734309e-05,-0.015244514402209752,0.008047885939989174,0.009701312639179394,-0.006930136960853206,-0.011783522907362287,-0.007575571851708762,-0.011381557467502135,-0.00034728344998247174,0.009293815361134383,0.0073054745474565586,-0.009829908490226136,0.0018383330675049159,0.0006950355572710176,0.005728345639696375,-0.0060304804030922865,0.008036188987825543,0.008640991233823891,-0.0028524824226960344,-0.008459159790807913,-0.004222973216399639,-0.004089744808519313,-0.00803103558104415,-0.0011871865599371034,0.00040914223675092565,-0.0021896216692440795,-0.010509344308365254,5.6129302809404535e-05,-0.003287255872725048,0.0012793989812652784,-0.002574249360835723,-0.001659293968343415,-0.006774670457670329,0.005559255707868194,0.0012698722027210396,-0.007410875955110807,0.00795938087079967,0.004510846690054526,-0.0018621464800043785,0.02185905436343838,0.001848470633553978,0.0006855870217553628,6.439293542825908e-15
48,-2.028113622042726,-0.11536243019484438,0.005042679151785023,-0.0038931280038294602,-0.013974928245863438,-0.00534317542532925,0.011904862682807993,-0.0006625465001255382,0.010138859159485758,-0.005592719020228065,-0.012350469133412645,0.009271553786684317,0.0044034130224348544,-7.574391090381383e-05,0.0016634349065614007,-0.009314331466790948,0.0029502181177889497,0.004161215729424628,-0.0006958397678021866,-0.0022150099983528904,0.009991258072047149,0.009215759795904888,-0.004128808921709082,0.005407774607554816,0.00578981890935798,0.01005332987435048,-0.006082527129861126,0.00459045911707312,-0.001751384710278775,1.193621046857718e-05,-0.0029038614942742402,0.004153954615577937,0.0053830650748734055,-0.010194860780216669,0.006897581570411315,0.01840582820325115,0.014578980692663945,-0.008511278158304752,0.004005840794855997,-0.0041683997261607875,-0.0014622340047038829,-0.007715235827822298,0.003597234066341215,-0.003530111701411931,0.0018930642911350049,0.0019059319983478762,-0.0017235280095292405,0.010031152318830894,6.661338147750939e-15
49,-2.03503452547163,-0.10794791719443975,0.0016476135073149045,-0.01666010138392071,0.003992906544613817,-0.007606207404154297,0.015071375413628685,-0.003373394437794941,0.009446822412918165,7.02970761830013e-05,-0.0008731241191524131,0.0061828647946945425,0.003681923348679117,0.009340052532894827,0.0024105171971260386,0.004245971014612437,0.0006018260824589561,-0.002454359933221295,0.0034552394830859035,-0.010179634077218447,0.003954869939114536,-0.015673065043994183,0.0026335015662530825,-0.00025486201506197403,0.009145491746393841,-0.0008700839342039579,-0.0036758802052182515,0.006685320208143164,-0.003686817861496633,-0.0034670150574557246,0.011339740852532976,-0.002613899386934515,0.007439593132716471,0.007139207405164882,0.006145191477252343,-0.002508492082328395,-0.014216602609433582,-0.008599731477694769,0.012936629408124789,-0.002636242351205409,-0.0049674640842630735,0.0012029459687641353,-0.0124271720138866,0.0013550154268493486,-0.0036160722007774204,0.0009876390064305074,0.0002726328144395662,-0.010888614737929236,6.328271240363392e-15
